nohup: les entrées sont ignorées

   INFO  Server running on [http://127.0.0.1:8000].  

  Press Ctrl+C to stop the server

  2026-05-17 23:01:34 /api/dashboard/stats ......................... ~ 0.09ms
  2026-05-17 23:01:35 /dashboard ................................. ~ 500.63ms
  2026-05-17 23:01:35 /api/mesure ................................ ~ 501.71ms
  2026-05-17 23:01:37 /sw.js ....................................... ~ 0.09ms
  2026-05-17 23:01:37 /api/mesure .................................. ~ 0.04ms
  2026-05-17 23:01:37 / .......................................... ~ 500.69ms
  2026-05-17 23:01:37 /sw.js ........................................... ~ 1s
  2026-05-17 23:01:40 /api/mesure .................................. ~ 0.11ms
  2026-05-17 23:01:42 /api/mesure .................................. ~ 0.22ms
  2026-05-17 23:01:42 /dashboard ................................. ~ 500.74ms
  2026-05-17 23:01:43 /api/mesure .................................. ~ 0.11ms
  2026-05-17 23:01:44 /api/mesure .................................. ~ 0.26ms
  2026-05-17 23:01:44 /sw.js ....................................... ~ 0.22ms
  2026-05-17 23:01:45 /api/mesure .................................. ~ 0.27ms
  2026-05-17 23:01:46 /api/mesure .................................. ~ 0.09ms
  2026-05-17 23:01:47 /api/mesure .................................. ~ 0.27ms
  2026-05-17 23:01:48 /api/mesure .................................. ~ 0.28ms
  2026-05-17 23:01:49 /api/mesure .................................. ~ 0.26ms
  2026-05-17 23:01:50 /api/mesure .................................. ~ 0.22ms
  2026-05-17 23:01:51 /sms ......................................... ~ 0.13ms
  2026-05-17 23:01:51 /api/mesure ...................................... ~ 1s
  2026-05-17 23:01:53 /sw.js ....................................... ~ 0.22ms
  2026-05-17 23:01:54 /api/mesure .................................. ~ 0.12ms
  2026-05-17 23:01:54 /sms ....................................... ~ 500.34ms
  2026-05-17 23:01:54 /api/mesure ...................................... ~ 1s
  2026-05-17 23:01:56 /sw.js ....................................... ~ 0.22ms
  2026-05-17 23:01:58 /api/mesure .................................. ~ 0.21ms
  2026-05-17 23:02:00 /api/mesure .................................. ~ 0.21ms
  2026-05-17 23:02:02 /api/mesure .................................. ~ 0.22ms
  2026-05-17 23:02:04 /api/mesure .................................. ~ 0.30ms
  2026-05-17 23:02:06 /api/mesure .................................. ~ 0.22ms
  2026-05-17 23:02:08 /api/mesure .................................. ~ 0.22ms
  2026-05-17 23:02:10 /api/mesure .................................. ~ 0.21ms
  2026-05-17 23:02:12 /api/mesure .................................. ~ 0.27ms
  2026-05-17 23:02:14 /api/mesure .................................. ~ 0.23ms
  2026-05-17 23:02:16 /api/mesure .................................. ~ 0.21ms
  2026-05-17 23:02:18 /api/mesure .................................. ~ 0.22ms
  2026-05-17 23:02:20 /api/mesure .................................. ~ 0.22ms
  2026-05-17 23:02:22 /api/mesure .................................. ~ 0.26ms
  2026-05-17 23:02:24 /api/mesure .................................. ~ 0.21ms
  2026-05-17 23:02:26 /api/mesure .................................. ~ 0.22ms
  2026-05-17 23:02:28 /api/mesure .................................. ~ 0.26ms
  2026-05-17 23:02:30 /api/mesure .................................. ~ 0.21ms
  2026-05-17 23:02:32 /api/mesure .................................. ~ 0.22ms
  2026-05-17 23:02:34 /api/mesure .................................. ~ 0.22ms
  2026-05-17 23:02:36 /api/mesure .................................. ~ 0.21ms
  2026-05-17 23:02:38 /api/mesure .................................. ~ 0.22ms
  2026-05-17 23:02:40 /api/mesure .................................. ~ 0.22ms
  2026-05-17 23:02:42 /api/mesure .................................. ~ 0.21ms
  2026-05-17 23:02:44 /api/mesure .................................. ~ 0.23ms
  2026-05-17 23:02:46 /api/mesure .................................. ~ 0.21ms
  2026-05-17 23:02:48 /api/mesure .................................. ~ 0.21ms
  2026-05-17 23:02:50 /api/mesure .................................. ~ 0.22ms
  2026-05-17 23:02:52 /api/mesure .................................. ~ 0.27ms
  2026-05-17 23:02:54 /api/mesure .................................. ~ 0.21ms
  2026-05-17 23:02:56 /api/mesure .................................. ~ 0.23ms
  2026-05-17 23:02:58 /api/mesure .................................. ~ 0.22ms
  2026-05-17 23:03:00 /api/mesure .................................. ~ 0.21ms
  2026-05-17 23:03:02 /api/mesure .................................. ~ 0.22ms
  2026-05-17 23:03:04 /api/mesure .................................. ~ 0.22ms
  2026-05-17 23:03:06 /api/mesure .................................. ~ 0.26ms
  2026-05-17 23:03:08 /api/mesure .................................. ~ 0.22ms
  2026-05-17 23:03:10 /api/mesure .................................. ~ 0.21ms
  2026-05-17 23:03:12 /api/mesure .................................. ~ 0.32ms
  2026-05-17 23:03:14 /api/mesure .................................. ~ 0.23ms
  2026-05-17 23:03:16 /api/mesure .................................. ~ 0.22ms
  2026-05-17 23:03:16 /sms-gsm ..................................... ~ 0.37ms
  2026-05-17 23:03:16 /api/mesure ...................................... ~ 1s
  2026-05-17 23:03:18 /sw.js ....................................... ~ 0.22ms
  2026-05-17 23:03:20 /api/mesure .................................. ~ 0.23ms
  2026-05-17 23:03:22 /api/mesure .................................. ~ 0.09ms
  2026-05-17 23:03:23 /sms-gsm ................................... ~ 500.71ms
  2026-05-17 23:03:23 /api/mesure ................................ ~ 501.82ms
  2026-05-17 23:03:24 /sms-gsm ................................... ~ 500.91ms
  2026-05-17 23:03:24 /sms-gsm ..................................... ~ 0.18ms
  2026-05-17 23:03:25 /sms-gsm ..................................... ~ 0.10ms
  2026-05-17 23:03:25 /api/mesure ...................................... ~ 1s
  2026-05-17 23:03:26 /sw.js ....................................... ~ 0.11ms
  2026-05-17 23:03:26 /api/mesure ...................................... ~ 1s
  2026-05-17 23:03:28 /sw.js ....................................... ~ 0.04ms
  2026-05-17 23:03:30 /api/mesure .................................. ~ 0.09ms
  2026-05-17 23:03:30 /api/mesure .................................. ~ 0.15ms
  2026-05-17 23:03:31 /api/mesure .................................. ~ 0.06ms
  2026-05-17 23:03:32 /api/mesure .................................. ~ 0.10ms
  2026-05-17 23:03:33 /api/mesure .................................. ~ 0.13ms
  2026-05-17 23:03:34 /api/mesure .................................. ~ 0.09ms
  2026-05-17 23:03:35 /api/mesure .................................. ~ 0.22ms
  2026-05-17 23:03:36 /api/mesure .................................. ~ 0.28ms
  2026-05-17 23:03:36 /sms ......................................... ~ 0.15ms
  2026-05-17 23:03:36 /sw.js ........................................... ~ 1s
  2026-05-17 23:03:38 /api/mesure .................................. ~ 0.21ms
  2026-05-17 23:03:40 /api/mesure .................................. ~ 0.28ms
  2026-05-17 23:03:42 /api/mesure .................................. ~ 0.25ms
  2026-05-17 23:03:44 /api/mesure .................................. ~ 0.22ms
  2026-05-17 23:03:46 /api/mesure .................................. ~ 0.25ms
  2026-05-17 23:03:48 /api/mesure .................................. ~ 0.27ms
  2026-05-17 23:03:50 /api/mesure .................................. ~ 0.26ms
  2026-05-17 23:03:52 /api/mesure .................................. ~ 0.22ms
  2026-05-17 23:03:54 /api/mesure .................................. ~ 0.21ms
  2026-05-17 23:03:56 /api/mesure .................................. ~ 0.27ms
  2026-05-17 23:03:58 /api/mesure .................................. ~ 0.22ms
  2026-05-17 23:04:00 /api/mesure .................................. ~ 0.21ms
  2026-05-17 23:04:02 /api/mesure .................................. ~ 0.23ms
  2026-05-17 23:04:04 /api/mesure .................................. ~ 0.25ms
  2026-05-17 23:04:06 /api/mesure .................................. ~ 0.22ms
  2026-05-17 23:04:08 /api/mesure .................................. ~ 0.22ms
  2026-05-17 23:04:10 /api/mesure .................................. ~ 0.26ms
  2026-05-17 23:04:12 /api/mesure .................................. ~ 0.21ms
  2026-05-17 23:04:14 /api/mesure .................................. ~ 0.23ms
  2026-05-17 23:04:16 /api/mesure .................................. ~ 0.27ms
  2026-05-17 23:04:18 /api/mesure .................................. ~ 0.26ms
  2026-05-17 23:04:20 /api/mesure .................................. ~ 0.23ms
  2026-05-17 23:04:22 /api/mesure .................................. ~ 0.18ms
  2026-05-17 23:04:24 /api/mesure .................................. ~ 0.21ms
  2026-05-17 23:04:26 /api/mesure .................................. ~ 0.23ms
  2026-05-17 23:04:28 /api/mesure .................................. ~ 0.22ms
  2026-05-17 23:04:30 /api/mesure .................................. ~ 0.21ms
  2026-05-17 23:04:32 /api/mesure .................................. ~ 0.28ms
  2026-05-17 23:04:34 /api/mesure .................................. ~ 0.21ms
  2026-05-17 23:04:36 /api/mesure .................................. ~ 0.21ms
  2026-05-17 23:04:38 /api/mesure .................................. ~ 0.23ms
  2026-05-17 23:04:40 /api/mesure .................................. ~ 0.22ms
  2026-05-17 23:04:42 /api/mesure .................................. ~ 0.27ms
  2026-05-17 23:04:44 /api/mesure .................................. ~ 0.27ms
  2026-05-17 23:04:46 /api/mesure .................................. ~ 0.22ms
  2026-05-17 23:04:48 /api/mesure .................................. ~ 0.21ms
  2026-05-17 23:04:50 /api/mesure .................................. ~ 0.22ms
  2026-05-17 23:04:52 /api/mesure .................................. ~ 0.22ms
  2026-05-17 23:04:54 /api/mesure .................................. ~ 0.21ms
  2026-05-17 23:04:56 /api/mesure .................................. ~ 0.22ms
  2026-05-17 23:04:58 /api/mesure .................................. ~ 0.22ms
  2026-05-17 23:05:00 /api/mesure .................................. ~ 0.26ms
  2026-05-17 23:05:02 /api/mesure .................................. ~ 0.23ms
  2026-05-17 23:05:04 /api/mesure .................................. ~ 0.21ms
  2026-05-17 23:05:06 /api/mesure .................................. ~ 0.21ms
  2026-05-17 23:05:08 /api/mesure .................................. ~ 0.22ms
  2026-05-17 23:05:10 /api/mesure .................................. ~ 0.22ms
  2026-05-17 23:05:12 /api/mesure .................................. ~ 0.21ms
  2026-05-17 23:05:14 /api/mesure .................................. ~ 0.23ms
  2026-05-17 23:05:16 /api/mesure .................................. ~ 0.21ms
  2026-05-17 23:05:18 /api/mesure .................................. ~ 0.11ms
  2026-05-17 23:05:20 /api/mesure .................................. ~ 0.13ms
  2026-05-17 23:05:22 /api/mesure .................................. ~ 0.25ms
  2026-05-17 23:05:24 /api/mesure .................................. ~ 0.10ms
  2026-05-17 23:05:26 /api/mesure .................................. ~ 0.26ms
  2026-05-17 23:05:28 /api/mesure .................................. ~ 0.12ms
  2026-05-17 23:05:30 /api/mesure .................................. ~ 0.22ms
  2026-05-17 23:05:32 /api/mesure .................................. ~ 0.09ms
  2026-05-17 23:05:34 /api/mesure .................................. ~ 0.32ms
  2026-05-17 23:05:34 /sw.js ....................................... ~ 0.20ms
  2026-05-17 23:05:35 /sms ......................................... ~ 0.10ms
  2026-05-17 23:05:35 /api/mesure ...................................... ~ 1s
  2026-05-17 23:05:37 /sw.js ....................................... ~ 0.96ms
  2026-05-17 23:05:37 /api/mesure .................................. ~ 0.08ms
  2026-05-17 23:05:38 /api/mesure .................................. ~ 0.22ms
  2026-05-17 23:05:38 /sms ......................................... ~ 0.42ms
  2026-05-17 23:05:38 /api/mesure ...................................... ~ 1s
  2026-05-17 23:05:40 /sw.js ....................................... ~ 0.10ms
  2026-05-17 23:05:42 /api/mesure .................................. ~ 0.22ms
  2026-05-17 23:05:44 /api/mesure .................................. ~ 0.13ms
  2026-05-17 23:05:44 /api/mesure .................................. ~ 0.04ms
  2026-05-17 23:05:45 /api/mesure .................................. ~ 0.22ms
  2026-05-17 23:05:46 /api/mesure .................................. ~ 0.21ms
  2026-05-17 23:05:47 /api/mesure .................................. ~ 0.44ms
  2026-05-17 23:05:48 /api/mesure .................................. ~ 0.26ms
  2026-05-17 23:05:49 /api/mesure .................................. ~ 0.33ms
  2026-05-17 23:05:50 /api/mesure .................................. ~ 0.21ms
  2026-05-17 23:05:51 /api/mesure .................................. ~ 0.21ms
  2026-05-17 23:05:52 /api/mesure .................................. ~ 0.21ms
  2026-05-17 23:05:53 /api/mesure .................................. ~ 0.21ms
  2026-05-17 23:05:54 /api/mesure .................................. ~ 0.23ms
  2026-05-17 23:05:55 /api/mesure .................................. ~ 0.21ms
  2026-05-17 23:05:56 /api/mesure ................................ ~ 500.71ms
  2026-05-17 23:05:57 /api/mesure .................................. ~ 0.26ms
  2026-05-17 23:05:58 /api/mesure ................................ ~ 500.70ms
  2026-05-17 23:05:59 /api/mesure .................................. ~ 0.26ms
  2026-05-17 23:06:00 /api/mesure ................................ ~ 500.67ms
  2026-05-17 23:06:01 /api/mesure .................................. ~ 0.22ms
  2026-05-17 23:06:02 /api/mesure ................................ ~ 500.69ms
  2026-05-17 23:06:03 /api/mesure .................................. ~ 0.26ms
  2026-05-17 23:06:04 /api/mesure ................................ ~ 500.62ms
  2026-05-17 23:06:05 /api/mesure .................................. ~ 0.25ms
  2026-05-17 23:06:06 /api/mesure ................................ ~ 500.66ms
  2026-05-17 23:06:07 /api/mesure .................................. ~ 0.21ms
  2026-05-17 23:06:08 /api/mesure .................................. ~ 0.32ms
  2026-05-17 23:06:09 /api/mesure .................................. ~ 0.22ms
  2026-05-17 23:06:10 /api/mesure .................................. ~ 0.21ms
  2026-05-17 23:06:11 /api/mesure .................................. ~ 0.22ms
  2026-05-17 23:06:12 /api/mesure .................................. ~ 0.21ms
  2026-05-17 23:06:13 /api/mesure .................................. ~ 0.25ms
  2026-05-17 23:06:14 /api/mesure .................................. ~ 0.21ms
  2026-05-17 23:06:15 /api/mesure .................................. ~ 0.09ms
  2026-05-17 23:06:16 /api/mesure .................................. ~ 0.21ms
  2026-05-17 23:06:17 /api/mesure .................................. ~ 0.55ms
  2026-05-17 23:06:18 /api/mesure .................................. ~ 0.41ms
  2026-05-17 23:06:19 /dashboard ................................... ~ 0.25ms
  2026-05-17 23:06:19 /api/mesure .................................. ~ 1.31ms
  2026-05-17 23:06:19 /api/mesure .................................. ~ 0.10ms
  2026-05-17 23:06:20 /api/mesure .................................. ~ 0.21ms
  2026-05-17 23:06:20 /sw.js ....................................... ~ 0.10ms
  2026-05-17 23:06:21 /api/mesure .................................. ~ 0.22ms
  2026-05-17 23:06:21 /api/mesure .................................. ~ 0.10ms
  2026-05-17 23:06:22 /api/mesure .................................. ~ 0.26ms
  2026-05-17 23:06:23 /api/mesure .................................. ~ 0.30ms
  2026-05-17 23:06:23 /api/mesure .................................. ~ 0.21ms
  2026-05-17 23:06:24 /api/mesure .................................. ~ 0.09ms
  2026-05-17 23:06:25 /api/mesure .................................. ~ 0.21ms
  2026-05-17 23:06:25 /api/mesure .................................. ~ 0.10ms
  2026-05-17 23:06:26 /api/mesure .................................. ~ 0.09ms
  2026-05-17 23:06:27 /api/mesure .................................. ~ 0.09ms
  2026-05-17 23:06:27 /api/mesure .................................. ~ 0.03ms
  2026-05-17 23:06:28 /api/mesure .................................. ~ 0.21ms
  2026-05-17 23:06:29 /api/mesure .................................. ~ 0.22ms
  2026-05-17 23:06:29 /api/mesure .................................. ~ 0.11ms
  2026-05-17 23:06:30 /api/mesure .................................. ~ 0.21ms
  2026-05-17 23:06:31 /api/mesure .................................. ~ 0.09ms
  2026-05-17 23:06:31 /api/mesure .................................. ~ 0.04ms
  2026-05-17 23:06:32 /api/mesure .................................. ~ 0.10ms
  2026-05-17 23:06:33 /api/mesure .................................. ~ 0.21ms
  2026-05-17 23:06:33 /api/mesure .................................. ~ 0.10ms
  2026-05-17 23:06:34 /api/mesure .................................. ~ 0.21ms
  2026-05-17 23:06:35 /api/mesure .................................. ~ 0.21ms
  2026-05-17 23:06:36 /api/mesure .................................. ~ 0.22ms
  2026-05-17 23:06:37 /api/mesure .................................. ~ 0.09ms
  2026-05-17 23:06:39 /api/mesure .................................. ~ 0.09ms
  2026-05-17 23:06:39 /dashboard ................................... ~ 0.07ms
  2026-05-17 23:06:39 /api/mesure .................................. ~ 0.40ms
  2026-05-17 23:06:41 /sw.js ....................................... ~ 0.35ms
  2026-05-17 23:06:41 /api/mesure .................................. ~ 0.09ms
  2026-05-17 23:06:41 /api/mesure .................................. ~ 0.04ms
  2026-05-17 23:06:43 /api/mesure .................................. ~ 0.13ms
  2026-05-17 23:06:43 /api/mesure .................................. ~ 0.04ms
  2026-05-17 23:06:45 /api/mesure .................................. ~ 0.21ms
  2026-05-17 23:06:45 /api/mesure .................................. ~ 0.10ms
  2026-05-17 23:06:47 /api/mesure .................................. ~ 0.26ms
  2026-05-17 23:06:47 /api/mesure .................................. ~ 0.11ms
  2026-05-17 23:06:49 /api/mesure .................................. ~ 0.71ms
  2026-05-17 23:06:49 /api/mesure .................................. ~ 0.39ms
  2026-05-17 23:06:51 /api/mesure .................................. ~ 0.09ms
  2026-05-17 23:06:51 /api/mesure .................................. ~ 0.04ms
  2026-05-17 23:06:53 /api/mesure .................................. ~ 0.21ms
  2026-05-17 23:06:53 /api/mesure .................................. ~ 0.11ms
  2026-05-17 23:06:55 /api/mesure .................................. ~ 0.22ms
  2026-05-17 23:06:57 /api/mesure .................................. ~ 0.22ms
  2026-05-17 23:06:59 /api/mesure .................................. ~ 0.22ms
  2026-05-17 23:07:01 /api/mesure .................................. ~ 0.26ms
  2026-05-17 23:07:03 /api/mesure .................................. ~ 0.22ms
  2026-05-17 23:07:05 /api/mesure .................................. ~ 0.21ms
  2026-05-17 23:07:07 /api/mesure .................................. ~ 0.29ms
  2026-05-17 23:07:09 /api/mesure .................................. ~ 0.30ms
  2026-05-17 23:07:09 /api/mesure .................................. ~ 0.22ms
  2026-05-17 23:07:11 /api/mesure ................................ ~ 500.70ms
  2026-05-17 23:07:13 /api/mesure ................................ ~ 500.68ms
  2026-05-17 23:07:15 /api/mesure ................................ ~ 500.60ms
  2026-05-17 23:07:17 /api/mesure ................................ ~ 500.43ms
  2026-05-17 23:07:17 /profil ...................................... ~ 0.08ms
  2026-05-17 23:07:17 /sw.js ........................................... ~ 1s
  2026-05-17 23:07:19 /api/mesure .................................. ~ 0.16ms
  2026-05-17 23:07:21 /api/mesure ................................ ~ 500.35ms
  2026-05-17 23:07:21 /anomalies ................................... ~ 0.06ms
  2026-05-17 23:07:21 /sw.js ........................................... ~ 1s
  2026-05-17 23:07:23 /api/mesure .................................. ~ 0.05ms
  2026-05-17 23:07:24 /statistiques ................................ ~ 0.25ms
  2026-05-17 23:07:24 /sw.js ........................................... ~ 1s
  2026-05-17 23:07:27 /statistiques ................................ ~ 0.11ms
  2026-05-17 23:07:27 /statistiques .................................... ~ 1s
  2026-05-17 23:07:28 /statistiques .............................. ~ 500.68ms
  2026-05-17 23:07:28 /sw.js ........................................... ~ 1s
  2026-05-17 23:07:30 /api/mesure .................................. ~ 0.09ms
  2026-05-17 23:07:31 /api/mesure .................................. ~ 0.27ms
  2026-05-17 23:07:33 /api/mesure .................................. ~ 0.19ms
  2026-05-17 23:07:35 /api/mesure .................................. ~ 0.26ms
  2026-05-17 23:07:37 /api/mesure .................................. ~ 0.21ms
  2026-05-17 23:07:39 /api/mesure .................................. ~ 0.22ms
  2026-05-17 23:07:41 /api/mesure .................................. ~ 0.21ms
  2026-05-17 23:07:43 /api/mesure .................................. ~ 0.26ms
  2026-05-17 23:07:45 /api/mesure .................................. ~ 0.21ms
  2026-05-17 23:07:47 /api/mesure .................................. ~ 0.21ms
  2026-05-17 23:07:49 /api/mesure .................................. ~ 0.22ms
  2026-05-17 23:07:51 /api/mesure .................................. ~ 0.22ms
  2026-05-17 23:07:53 /api/mesure .................................. ~ 0.21ms
  2026-05-17 23:07:55 /api/mesure .................................. ~ 0.19ms
  2026-05-17 23:07:57 /api/mesure .................................. ~ 0.09ms
  2026-05-17 23:07:59 /api/mesure .................................. ~ 0.09ms
  2026-05-17 23:07:59 /cameras ..................................... ~ 0.10ms
  2026-05-17 23:07:59 /sw.js ........................................... ~ 1s
  2026-05-17 23:08:09 /api/mesure .................................. ~ 0.22ms
  2026-05-17 23:08:10 /cameras IP .................................. ~ 0.26ms
  2026-05-17 23:08:10 /sw.js ........................................... ~ 2s
  2026-05-17 23:08:17 /sw.js ........................................... ~ 2s
  2026-05-17 23:08:17 /cameras ......................................... ~ 2s
  2026-05-17 23:08:20 /sw.js ........................................... ~ 1s
  2026-05-17 23:08:51 /sw.js ....................................... ~ 0.14ms
  2026-05-17 23:09:01 /api/mesure .................................. ~ 0.16ms
  2026-05-17 23:09:03 /api/mesure .................................. ~ 0.21ms
  2026-05-17 23:09:03 /statistiques ................................ ~ 0.26ms
  2026-05-17 23:09:03 /sw.js ........................................... ~ 1s
  2026-05-17 23:09:06 /statistiques .............................. ~ 500.43ms
  2026-05-17 23:09:06 /sw.js ........................................... ~ 1s
  2026-05-17 23:09:08 /sms ....................................... ~ 500.41ms
  2026-05-17 23:09:08 /api/mesure ...................................... ~ 1s
  2026-05-17 23:09:10 /sw.js ....................................... ~ 0.09ms
  2026-05-17 23:09:14 /serveurs-web .............................. ~ 500.34ms
  2026-05-17 23:09:14 /sw.js ........................................... ~ 2s
  2026-05-17 23:09:19 /serveurs-bd ................................. ~ 0.12ms
  2026-05-17 23:09:19 /sw.js ........................................... ~ 2s
  2026-05-17 23:09:21 /profil ...................................... ~ 0.16ms
  2026-05-17 23:09:22 /sw.js ........................................... ~ 1s
  2026-05-17 23:09:26 /anomalies ................................... ~ 0.13ms
  2026-05-17 23:09:26 /sw.js ........................................... ~ 2s
  2026-05-17 23:09:30 /sms ......................................... ~ 0.28ms
  2026-05-17 23:09:30 /sw.js ........................................... ~ 1s
  2026-05-17 23:09:34 /statistiques ................................ ~ 0.26ms
  2026-05-17 23:09:34 /historique ...................................... ~ 1s
  2026-05-17 23:09:36 /sw.js ....................................... ~ 0.12ms
  2026-05-17 23:09:37 /sw.js ....................................... ~ 0.11ms
  2026-05-17 23:09:38 /alertes ................................... ~ 500.33ms
  2026-05-17 23:09:38 /surveillance .................................... ~ 1s
  2026-05-17 23:09:39 /sw.js ..................................... ~ 500.73ms
  2026-05-17 23:09:40 /accueil ..................................... ~ 0.16ms
  2026-05-17 23:09:40 /sw.js ..................................... ~ 500.71ms
  2026-05-17 23:09:42 /sw.js ....................................... ~ 0.13ms
  2026-05-17 23:09:44 /dashboard ................................... ~ 0.20ms
  2026-05-17 23:09:44 /api/mesure .................................. ~ 0.59ms
  2026-05-17 23:09:46 /sw.js ....................................... ~ 0.22ms
  2026-05-17 23:09:46 /api/mesure .................................. ~ 0.09ms
  2026-05-17 23:09:48 /api/mesure .................................. ~ 0.09ms
  2026-05-17 23:09:50 /api/mesure .................................. ~ 0.22ms
  2026-05-17 23:09:50 /cameras ..................................... ~ 0.24ms
  2026-05-17 23:09:51 /sw.js ........................................... ~ 1s
  2026-05-17 23:10:09 /api/mesure .................................. ~ 0.22ms
  2026-05-17 23:10:40 /sw.js ....................................... ~ 0.23ms
  2026-05-17 23:11:09 /api/mesure .................................. ~ 0.26ms
  2026-05-17 23:11:31 /cameras ..................................... ~ 0.11ms
  2026-05-17 23:11:31 /sw.js ........................................... ~ 2s
  2026-05-17 23:11:34 /cameras ..................................... ~ 0.30ms
  2026-05-17 23:11:34 /sw.js ........................................... ~ 1s
  2026-05-17 23:11:46 /api/mesure .................................. ~ 0.09ms
  2026-05-17 23:11:48 /api/mesure .................................. ~ 0.23ms
  2026-05-17 23:11:48 /cameras ................................... ~ 500.53ms
  2026-05-17 23:11:48 /sw.js ........................................... ~ 2s
  2026-05-17 23:12:09 /api/mesure .................................. ~ 0.23ms
  2026-05-17 23:12:40 /sw.js ....................................... ~ 0.23ms
  2026-05-17 23:13:09 /api/mesure .................................. ~ 0.27ms
  2026-05-17 23:13:17 /cameras ..................................... ~ 0.16ms
  2026-05-17 23:13:17 /sw.js ........................................... ~ 2s
  2026-05-17 23:13:19 /api/mesure .................................. ~ 0.22ms
  2026-05-17 23:13:20 /api/mesure .................................. ~ 0.25ms
  2026-05-17 23:13:22 /api/mesure .................................. ~ 0.21ms
  2026-05-17 23:13:24 /api/mesure .................................. ~ 0.09ms
  2026-05-17 23:13:26 /api/mesure .................................. ~ 0.24ms
  2026-05-17 23:13:28 /api/mesure .................................. ~ 0.20ms
  2026-05-17 23:13:30 /api/mesure .................................. ~ 0.34ms
  2026-05-17 23:13:32 /api/mesure .................................. ~ 0.25ms
  2026-05-17 23:13:34 /api/mesure .................................. ~ 0.26ms
  2026-05-17 23:13:36 /api/mesure .................................. ~ 0.22ms
  2026-05-17 23:13:38 /api/mesure .................................. ~ 0.21ms
  2026-05-17 23:13:40 /api/mesure .................................. ~ 0.22ms
  2026-05-17 23:13:42 /api/mesure .................................. ~ 0.27ms
  2026-05-17 23:13:44 /api/mesure .................................. ~ 0.21ms
  2026-05-17 23:13:46 /api/mesure .................................. ~ 0.21ms
  2026-05-17 23:13:48 /api/mesure .................................. ~ 0.22ms
  2026-05-17 23:13:50 /api/mesure .................................. ~ 0.21ms
  2026-05-17 23:13:52 /api/mesure .................................. ~ 0.22ms
  2026-05-17 23:13:54 /api/mesure .................................. ~ 0.21ms
  2026-05-17 23:13:56 /api/mesure .................................. ~ 0.21ms
  2026-05-17 23:13:58 /api/mesure .................................. ~ 0.21ms
  2026-05-17 23:14:00 /api/mesure .................................. ~ 0.22ms
  2026-05-17 23:14:02 /api/mesure .................................. ~ 0.21ms
  2026-05-17 23:14:04 /api/mesure .................................. ~ 0.21ms
  2026-05-17 23:14:06 /api/mesure .................................. ~ 0.22ms
  2026-05-17 23:14:08 /api/mesure ................................ ~ 500.71ms
  2026-05-17 23:14:09 /api/mesure .................................. ~ 0.10ms
  2026-05-17 23:14:10 /api/mesure ................................ ~ 500.72ms
  2026-05-17 23:14:12 /api/mesure ................................ ~ 500.66ms
  2026-05-17 23:14:14 /api/mesure ................................ ~ 500.65ms
  2026-05-17 23:14:16 /api/mesure ................................ ~ 500.68ms
  2026-05-17 23:14:18 /api/mesure ................................ ~ 500.71ms
  2026-05-17 23:14:20 /api/mesure ................................ ~ 500.75ms
  2026-05-17 23:14:22 /api/mesure ................................ ~ 500.65ms
  2026-05-17 23:14:24 /api/mesure ................................ ~ 500.66ms
  2026-05-17 23:14:26 /api/mesure .................................. ~ 0.37ms
  2026-05-17 23:14:28 /api/mesure ................................ ~ 500.63ms
  2026-05-17 23:14:30 /api/mesure .................................. ~ 0.25ms
  2026-05-17 23:14:32 /api/mesure .................................. ~ 0.29ms
  2026-05-17 23:14:34 /api/mesure .................................. ~ 0.22ms
  2026-05-17 23:14:36 /api/mesure .................................. ~ 0.21ms
  2026-05-17 23:14:38 /api/mesure .................................. ~ 0.27ms
  2026-05-17 23:14:40 /api/mesure .................................. ~ 0.22ms
  2026-05-17 23:14:42 /api/mesure .................................. ~ 0.21ms
  2026-05-17 23:14:44 /api/mesure .................................. ~ 0.21ms
  2026-05-17 23:14:46 /api/mesure .................................. ~ 0.26ms
  2026-05-17 23:14:48 /api/mesure .................................. ~ 0.21ms
  2026-05-17 23:14:50 /api/mesure .................................. ~ 0.21ms
  2026-05-17 23:14:52 /api/mesure .................................. ~ 0.26ms
  2026-05-17 23:14:54 /api/mesure .................................. ~ 0.21ms
  2026-05-17 23:14:56 /api/mesure .................................. ~ 0.22ms
  2026-05-17 23:14:58 /api/mesure .................................. ~ 0.24ms
  2026-05-17 23:15:00 /api/mesure .................................. ~ 0.21ms
  2026-05-17 23:15:02 /api/mesure .................................. ~ 0.22ms
  2026-05-17 23:15:04 /api/mesure .................................. ~ 0.21ms
  2026-05-17 23:15:06 /api/mesure .................................. ~ 0.21ms
  2026-05-17 23:15:08 /api/mesure .................................. ~ 0.26ms
  2026-05-17 23:15:09 /api/mesure .................................. ~ 0.09ms
  2026-05-17 23:15:10 /api/mesure .................................. ~ 0.09ms
  2026-05-17 23:15:12 /api/mesure .................................. ~ 0.25ms
  2026-05-17 23:15:14 /api/mesure .................................. ~ 0.13ms
  2026-05-17 23:15:16 /api/mesure .................................. ~ 0.22ms
  2026-05-17 23:15:18 /api/mesure .................................. ~ 0.09ms
  2026-05-17 23:15:20 /api/mesure .................................. ~ 0.09ms
  2026-05-17 23:15:22 /api/mesure .................................. ~ 0.26ms
  2026-05-17 23:15:24 /api/mesure .................................. ~ 0.09ms
  2026-05-17 23:15:26 /api/mesure .................................. ~ 0.22ms
  2026-05-17 23:15:28 /api/mesure .................................. ~ 0.26ms
  2026-05-17 23:15:30 /api/mesure .................................. ~ 0.30ms
  2026-05-17 23:15:32 /api/mesure .................................. ~ 0.21ms
  2026-05-17 23:15:34 /api/mesure .................................. ~ 0.21ms
  2026-05-17 23:15:36 /api/mesure .................................. ~ 0.21ms
  2026-05-17 23:15:38 /api/mesure .................................. ~ 0.28ms
  2026-05-17 23:15:40 /api/mesure .................................. ~ 0.21ms
  2026-05-17 23:15:42 /api/mesure .................................. ~ 0.21ms
  2026-05-17 23:15:45 /api/mesure .................................. ~ 0.09ms
  2026-05-17 23:15:47 /api/mesure .................................. ~ 0.23ms
  2026-05-17 23:15:49 /api/mesure .................................. ~ 0.14ms
  2026-05-17 23:15:51 /api/mesure .................................. ~ 0.17ms
  2026-05-17 23:15:53 /api/mesure .................................. ~ 0.12ms
  2026-05-17 23:15:55 /api/mesure .................................. ~ 0.12ms
  2026-05-17 23:15:57 /api/mesure .................................. ~ 0.09ms
  2026-05-17 23:15:59 /api/mesure .................................. ~ 0.09ms
  2026-05-17 23:16:01 /api/mesure .................................. ~ 0.26ms
  2026-05-17 23:16:03 /api/mesure .................................. ~ 0.23ms
  2026-05-17 23:16:05 /api/mesure .................................. ~ 0.09ms
  2026-05-17 23:16:07 /api/mesure .................................. ~ 0.21ms
  2026-05-17 23:16:09 /api/mesure .................................. ~ 0.22ms
  2026-05-17 23:16:09 /api/mesure .................................. ~ 0.13ms
  2026-05-17 23:16:11 /api/mesure .................................. ~ 0.21ms
  2026-05-17 23:16:13 /api/mesure .................................. ~ 0.09ms
  2026-05-17 23:16:15 /api/mesure .................................. ~ 0.14ms
  2026-05-17 23:16:17 /api/mesure .................................. ~ 0.22ms
  2026-05-17 23:16:19 /api/mesure .................................. ~ 0.26ms
  2026-05-17 23:16:21 /api/mesure .................................. ~ 0.21ms
  2026-05-17 23:16:23 /api/mesure .................................. ~ 0.24ms
  2026-05-17 23:16:25 /api/mesure .................................. ~ 0.10ms
  2026-05-17 23:16:27 /api/mesure .................................. ~ 0.22ms
  2026-05-17 23:16:29 /api/mesure .................................. ~ 0.10ms
  2026-05-17 23:16:31 /api/mesure .................................. ~ 0.21ms
  2026-05-17 23:16:33 /api/mesure .................................. ~ 0.09ms
  2026-05-17 23:16:35 /api/mesure .................................. ~ 0.11ms
  2026-05-17 23:16:37 /api/mesure .................................. ~ 0.09ms
  2026-05-17 23:16:39 /api/mesure .................................. ~ 0.09ms
  2026-05-17 23:16:41 /api/mesure .................................. ~ 0.09ms
  2026-05-17 23:16:43 /api/mesure .................................. ~ 0.22ms
  2026-05-17 23:16:49 /api/mesure .................................. ~ 0.22ms
  2026-05-17 23:16:49 /api/mesure .................................. ~ 0.10ms
  2026-05-17 23:16:51 /api/mesure .................................. ~ 0.09ms
  2026-05-17 23:16:53 /dashboard ................................... ~ 0.12ms
  2026-05-17 23:16:53 /api/mesure .................................. ~ 0.50ms
  2026-05-17 23:16:54 /dashboard ................................... ~ 0.20ms
  2026-05-17 23:16:54 /api/mesure .................................. ~ 1.02ms
  2026-05-17 23:16:54 /dashboard ................................... ~ 0.10ms
  2026-05-17 23:16:54 /api/mesure ................................ ~ 501.46ms
  2026-05-17 23:16:55 /sw.js ....................................... ~ 0.26ms
  2026-05-17 23:16:56 /api/mesure .................................. ~ 0.54ms
  2026-05-17 23:16:56 /api/mesure ................................ ~ 500.68ms
  2026-05-17 23:16:58 /api/mesure ................................ ~ 500.30ms
  2026-05-17 23:17:00 /api/mesure ................................ ~ 500.70ms
  2026-05-17 23:17:02 /api/mesure ................................ ~ 500.55ms
  2026-05-17 23:17:04 /api/mesure ................................ ~ 500.72ms
  2026-05-17 23:17:06 /api/mesure ................................ ~ 500.71ms
  2026-05-17 23:17:08 /api/mesure ................................ ~ 500.60ms
  2026-05-17 23:17:10 /api/mesure ................................ ~ 500.60ms
  2026-05-17 23:17:12 /api/mesure ................................ ~ 500.73ms
  2026-05-17 23:17:14 /api/mesure .................................. ~ 0.31ms
  2026-05-17 23:17:16 /api/mesure ................................ ~ 500.34ms
  2026-05-17 23:17:18 /api/mesure .................................. ~ 0.27ms
  2026-05-17 23:17:20 /api/mesure .................................. ~ 0.09ms
  2026-05-17 23:17:22 /api/mesure .................................. ~ 0.09ms
  2026-05-17 23:17:24 /api/mesure .................................. ~ 0.13ms
  2026-05-17 23:17:26 /api/mesure .................................. ~ 0.21ms
  2026-05-17 23:17:28 /api/mesure .................................. ~ 0.26ms
  2026-05-17 23:17:30 /api/mesure .................................. ~ 0.28ms
  2026-05-17 23:17:32 /api/mesure .................................. ~ 0.21ms
  2026-05-17 23:17:34 /api/mesure .................................. ~ 0.18ms
  2026-05-17 23:17:36 /api/mesure .................................. ~ 0.23ms
  2026-05-17 23:17:38 /api/mesure .................................. ~ 0.21ms
  2026-05-17 23:17:40 /api/mesure .................................. ~ 0.20ms
  2026-05-17 23:17:42 /api/mesure .................................. ~ 0.31ms
  2026-05-17 23:17:44 /api/mesure .................................. ~ 0.22ms
  2026-05-17 23:17:46 /api/mesure .................................. ~ 0.25ms
  2026-05-17 23:17:48 /api/mesure .................................. ~ 0.23ms
  2026-05-17 23:17:48 /api/mesure ...................................... ~ 1s
  2026-05-17 23:17:52 /api/mesure .................................. ~ 0.21ms
  2026-05-17 23:17:54 /api/mesure .................................. ~ 0.10ms
  2026-05-17 23:17:56 /api/mesure .................................. ~ 0.32ms
  2026-05-17 23:17:58 /api/mesure .................................. ~ 0.21ms
  2026-05-17 23:18:00 /api/mesure .................................. ~ 0.20ms
  2026-05-17 23:18:02 /api/mesure .................................. ~ 0.21ms
  2026-05-17 23:18:02 /parametres .................................. ~ 0.30ms
  2026-05-17 23:18:02 /sw.js ........................................... ~ 2s
  2026-05-17 23:18:10 /sw.js ....................................... ~ 0.09ms
  2026-05-17 23:18:21 /rapports .................................... ~ 0.17ms
  2026-05-17 23:18:21 /sw.js ........................................... ~ 2s
  2026-05-17 23:18:42 /dashboard ................................... ~ 0.09ms
  2026-05-17 23:18:42 /api/mesure .................................. ~ 0.04ms
  2026-05-17 23:18:44 /sw.js ....................................... ~ 0.26ms
  2026-05-17 23:18:44 /api/mesure .................................. ~ 0.04ms
  2026-05-17 23:18:46 /api/mesure .................................. ~ 0.09ms
  2026-05-17 23:18:48 /api/mesure .................................. ~ 0.22ms
  2026-05-17 23:18:50 /api/mesure .................................. ~ 0.21ms
  2026-05-17 23:18:52 /api/mesure .................................. ~ 0.27ms
  2026-05-17 23:18:54 /api/mesure .................................. ~ 0.22ms
  2026-05-17 23:18:56 /api/mesure .................................. ~ 0.22ms
  2026-05-17 23:18:58 /api/mesure .................................. ~ 0.21ms
  2026-05-17 23:18:58 /dashboard ................................... ~ 0.29ms
  2026-05-17 23:18:58 /api/mesure .................................. ~ 1.35ms
  2026-05-17 23:19:00 /sw.js ....................................... ~ 0.30ms
  2026-05-17 23:19:00 /dashboard ................................... ~ 0.34ms
  2026-05-17 23:19:00 /api/mesure .................................. ~ 2.28ms
  2026-05-17 23:19:01 /dashboard ................................... ~ 0.26ms
  2026-05-17 23:19:01 /api/mesure .................................. ~ 1.33ms
  2026-05-17 23:19:02 /sw.js ....................................... ~ 0.08ms
  2026-05-17 23:19:02 /dashboard ................................... ~ 0.04ms
  2026-05-17 23:19:02 /api/mesure .................................. ~ 0.37ms
  2026-05-17 23:19:02 /dashboard ................................... ~ 0.04ms
  2026-05-17 23:19:02 /api/mesure .................................. ~ 0.37ms
  2026-05-17 23:19:02 /dashboard ................................... ~ 0.23ms
  2026-05-17 23:19:02 /api/mesure .................................. ~ 1.15ms
  2026-05-17 23:19:02 /dashboard ................................... ~ 0.11ms
  2026-05-17 23:19:02 /api/mesure .................................. ~ 0.97ms
  2026-05-17 23:19:03 /sw.js ....................................... ~ 0.09ms
  2026-05-17 23:19:04 /sw.js ....................................... ~ 0.19ms
  2026-05-17 23:19:04 /api/mesure .................................. ~ 0.21ms
  2026-05-17 23:19:06 /api/mesure .................................. ~ 0.26ms
  2026-05-17 23:19:08 /api/mesure .................................. ~ 0.09ms
  2026-05-17 23:19:10 /api/mesure .................................. ~ 0.21ms
  2026-05-17 23:19:12 /api/mesure .................................. ~ 0.22ms
  2026-05-17 23:19:13 /sms ....................................... ~ 500.72ms
  2026-05-17 23:19:14 /sw.js ........................................... ~ 1s
  2026-05-17 23:19:16 /api/mesure .................................. ~ 0.09ms
  2026-05-17 23:19:16 /api/mesure .................................. ~ 0.22ms
  2026-05-17 23:19:18 /api/mesure .................................. ~ 0.26ms
  2026-05-17 23:19:20 /api/mesure .................................. ~ 0.25ms
  2026-05-17 23:19:22 /api/mesure .................................. ~ 0.21ms
  2026-05-17 23:19:24 /api/mesure .................................. ~ 0.09ms
  2026-05-17 23:19:26 /api/mesure .................................. ~ 0.21ms
  2026-05-17 23:19:28 /api/mesure .................................. ~ 0.22ms
  2026-05-17 23:19:30 /api/mesure .................................. ~ 0.22ms
  2026-05-17 23:19:32 /api/mesure .................................. ~ 0.25ms
  2026-05-17 23:19:34 /api/mesure .................................. ~ 0.21ms
  2026-05-17 23:19:36 /api/mesure .................................. ~ 0.22ms
  2026-05-17 23:19:38 /api/mesure .................................. ~ 0.21ms
  2026-05-17 23:19:40 /api/mesure .................................. ~ 0.22ms
  2026-05-17 23:19:41 /api/mesure ...................................... ~ 1s
  2026-05-17 23:19:44 /api/mesure .................................. ~ 0.21ms
  2026-05-17 23:19:46 /api/mesure .................................. ~ 0.25ms
  2026-05-17 23:19:48 /api/mesure .................................. ~ 0.37ms
  2026-05-17 23:19:49 /rapports .................................... ~ 0.11ms
  2026-05-17 23:19:49 /sw.js ........................................... ~ 2s
  2026-05-17 23:19:53 /rapports .................................... ~ 0.25ms
  2026-05-17 23:19:53 /rapports ........................................ ~ 1s
  2026-05-17 23:19:54 /rapports .................................. ~ 500.37ms
  2026-05-17 23:19:55 /sw.js ....................................... ~ 0.04ms
  2026-05-17 23:19:55 /rapports .................................... ~ 0.03ms
  2026-05-17 23:19:55 /rapports .................................. ~ 500.37ms
  2026-05-17 23:19:55 /rapports .................................... ~ 0.05ms
  2026-05-17 23:19:55 /rapports .................................. ~ 500.89ms
  2026-05-17 23:19:56 /rapports .................................... ~ 0.09ms
  2026-05-17 23:19:56 /rapports .................................... ~ 0.04ms
  2026-05-17 23:19:56 /rapports .................................... ~ 0.03ms
  2026-05-17 23:19:56 /rapports .................................. ~ 500.74ms
  2026-05-17 23:19:56 /sw.js ........................................... ~ 1s
  2026-05-17 23:20:01 /dashboard ................................... ~ 0.22ms
  2026-05-17 23:20:01 /api/mesure .................................. ~ 0.10ms
  2026-05-17 23:20:03 /sw.js ....................................... ~ 0.22ms
  2026-05-17 23:20:03 /api/mesure .................................. ~ 0.11ms
  2026-05-17 23:20:05 /api/mesure .................................. ~ 0.27ms
  2026-05-17 23:20:07 /api/mesure .................................. ~ 0.28ms
  2026-05-17 23:20:09 /api/mesure .................................. ~ 0.09ms
  2026-05-17 23:20:11 /api/mesure .................................. ~ 0.22ms
  2026-05-17 23:20:13 /api/mesure .................................. ~ 0.26ms
  2026-05-17 23:20:15 /api/mesure .................................. ~ 0.09ms
  2026-05-17 23:20:17 /api/mesure .................................. ~ 0.22ms
  2026-05-17 23:20:19 /api/mesure .................................. ~ 0.23ms
  2026-05-17 23:20:21 /api/mesure .................................. ~ 0.22ms
  2026-05-17 23:20:23 /api/mesure .................................. ~ 0.26ms
  2026-05-17 23:20:25 /api/mesure .................................. ~ 0.21ms
  2026-05-17 23:20:27 /api/mesure .................................. ~ 0.21ms
  2026-05-17 23:20:29 /api/mesure .................................. ~ 0.22ms
  2026-05-17 23:20:31 /api/mesure .................................. ~ 0.26ms
  2026-05-17 23:20:33 /api/mesure .................................. ~ 0.22ms
  2026-05-17 23:20:35 /api/mesure .................................. ~ 0.21ms
  2026-05-17 23:20:37 /api/mesure .................................. ~ 0.22ms
  2026-05-17 23:20:39 /api/mesure .................................. ~ 0.26ms
  2026-05-17 23:20:41 /api/mesure .................................. ~ 0.22ms
  2026-05-17 23:20:43 /api/mesure .................................. ~ 0.22ms
  2026-05-17 23:20:45 /api/mesure .................................. ~ 0.21ms
  2026-05-17 23:20:47 /api/mesure .................................. ~ 0.21ms
  2026-05-17 23:20:49 /api/mesure .................................. ~ 0.26ms
  2026-05-17 23:20:51 /api/mesure .................................. ~ 0.23ms
  2026-05-17 23:20:52 /dashboard ................................... ~ 0.09ms
  2026-05-17 23:20:53 /api/mesure .................................. ~ 0.04ms
  2026-05-17 23:20:53 /dashboard ................................. ~ 500.73ms
  2026-05-17 23:20:54 /api/mesure .................................. ~ 0.11ms
  2026-05-17 23:20:55 /sw.js ....................................... ~ 0.22ms
  2026-05-17 23:20:56 /api/mesure .................................. ~ 0.21ms
  2026-05-17 23:20:58 /api/mesure .................................. ~ 0.22ms
  2026-05-17 23:21:00 /api/mesure .................................. ~ 0.21ms
  2026-05-17 23:21:02 /api/mesure .................................. ~ 0.22ms
  2026-05-17 23:21:04 /api/mesure .................................. ~ 0.22ms
  2026-05-17 23:21:06 /api/mesure .................................. ~ 0.26ms
  2026-05-17 23:21:08 /api/mesure .................................. ~ 0.21ms
  2026-05-17 23:21:10 /api/mesure .................................. ~ 0.22ms
  2026-05-17 23:21:12 /api/mesure .................................. ~ 0.27ms
  2026-05-17 23:21:14 /api/mesure .................................. ~ 0.22ms
  2026-05-17 23:21:16 /api/mesure .................................. ~ 0.21ms
  2026-05-17 23:21:18 /api/mesure .................................. ~ 0.22ms
  2026-05-17 23:21:20 /api/mesure .................................. ~ 0.21ms
  2026-05-17 23:21:22 /api/mesure .................................. ~ 0.22ms
  2026-05-17 23:21:24 /api/mesure .................................. ~ 0.24ms
  2026-05-17 23:21:26 /api/mesure .................................. ~ 0.21ms
  2026-05-17 23:21:28 /api/mesure .................................. ~ 0.21ms
  2026-05-17 23:21:30 /api/mesure .................................. ~ 0.09ms
  2026-05-17 23:21:32 /api/mesure .................................. ~ 0.22ms
  2026-05-17 23:21:34 /api/mesure .................................. ~ 0.23ms
  2026-05-17 23:21:36 /api/mesure .................................. ~ 0.22ms
  2026-05-17 23:21:38 /api/mesure .................................. ~ 0.26ms
  2026-05-17 23:21:40 /api/mesure .................................. ~ 0.22ms
  2026-05-17 23:21:42 /api/mesure .................................. ~ 0.22ms
  2026-05-17 23:21:44 /api/mesure .................................. ~ 0.22ms
  2026-05-17 23:21:46 /api/mesure .................................. ~ 0.26ms
  2026-05-17 23:21:48 /api/mesure .................................. ~ 0.22ms
  2026-05-17 23:21:50 /api/mesure .................................. ~ 0.21ms
  2026-05-17 23:21:52 /api/mesure .................................. ~ 0.21ms
  2026-05-17 23:21:54 /api/mesure .................................. ~ 0.21ms
  2026-05-17 23:21:56 /api/mesure .................................. ~ 0.22ms
  2026-05-17 23:21:58 /api/mesure ................................ ~ 500.70ms
  2026-05-17 23:22:00 /api/mesure ................................ ~ 500.72ms
  2026-05-17 23:22:02 /api/mesure ................................ ~ 500.66ms
  2026-05-17 23:22:04 /api/mesure ................................ ~ 500.71ms
  2026-05-17 23:22:06 /api/mesure ................................ ~ 500.66ms
  2026-05-17 23:22:08 /api/mesure ................................ ~ 500.68ms
  2026-05-17 23:22:10 /api/mesure ................................ ~ 500.72ms
  2026-05-17 23:22:12 /api/mesure ................................ ~ 500.58ms
  2026-05-17 23:22:14 /api/mesure ................................ ~ 500.59ms
  2026-05-17 23:22:16 /api/mesure ................................ ~ 500.69ms
  2026-05-17 23:22:18 /api/mesure .................................. ~ 0.33ms
  2026-05-17 23:22:20 /api/mesure .................................. ~ 0.33ms
  2026-05-17 23:22:22 /api/mesure .................................. ~ 0.23ms
  2026-05-17 23:22:24 /api/mesure .................................. ~ 0.21ms
  2026-05-17 23:22:26 /api/mesure .................................. ~ 0.22ms
  2026-05-17 23:22:28 /api/mesure .................................. ~ 0.22ms
  2026-05-17 23:22:30 /api/mesure .................................. ~ 0.21ms
  2026-05-17 23:22:32 /api/mesure .................................. ~ 0.21ms
  2026-05-17 23:22:34 /api/mesure .................................. ~ 0.27ms
  2026-05-17 23:22:36 /api/mesure .................................. ~ 0.22ms
  2026-05-17 23:22:38 /api/mesure .................................. ~ 0.22ms
  2026-05-17 23:22:40 /api/mesure .................................. ~ 0.21ms
  2026-05-17 23:22:42 /api/mesure .................................. ~ 0.23ms
  2026-05-17 23:22:44 /api/mesure .................................. ~ 0.22ms
  2026-05-17 23:22:46 /api/mesure .................................. ~ 0.27ms
  2026-05-17 23:22:48 /api/mesure .................................. ~ 0.21ms
  2026-05-17 23:22:50 /api/mesure .................................. ~ 0.21ms
  2026-05-17 23:22:52 /api/mesure .................................. ~ 0.21ms
  2026-05-17 23:22:54 /api/mesure .................................. ~ 0.22ms
  2026-05-17 23:22:56 /api/mesure .................................. ~ 0.21ms
  2026-05-17 23:22:58 /api/mesure .................................. ~ 0.24ms
  2026-05-17 23:23:00 /api/mesure .................................. ~ 0.23ms
  2026-05-17 23:23:02 /api/mesure .................................. ~ 0.25ms
  2026-05-17 23:23:04 /api/mesure .................................. ~ 0.22ms
  2026-05-17 23:23:06 /api/mesure .................................. ~ 0.23ms
  2026-05-17 23:23:08 /api/mesure .................................. ~ 0.10ms
  2026-05-17 23:23:10 /api/mesure .................................. ~ 0.22ms
  2026-05-17 23:23:12 /api/mesure .................................. ~ 0.09ms
  2026-05-17 23:23:14 /api/mesure .................................. ~ 0.10ms
  2026-05-17 23:23:15 /dashboard ................................... ~ 0.26ms
  2026-05-17 23:23:15 /api/mesure .................................. ~ 1.45ms
  2026-05-17 23:23:17 /sw.js ....................................... ~ 0.22ms
  2026-05-17 23:23:17 /api/mesure .................................. ~ 0.11ms
  2026-05-17 23:23:19 /api/mesure .................................. ~ 0.27ms
  2026-05-17 23:23:21 /api/mesure .................................. ~ 0.28ms
  2026-05-17 23:23:23 /dashboard ................................... ~ 0.47ms
  2026-05-17 23:23:23 /api/mesure .................................. ~ 1.61ms
  2026-05-17 23:23:23 /api/mesure .................................. ~ 0.10ms
  2026-05-17 23:23:24 /dashboard ................................. ~ 500.70ms
  2026-05-17 23:23:24 /api/mesure ................................ ~ 501.66ms
  2026-05-17 23:23:25 /sw.js ....................................... ~ 0.13ms
  2026-05-17 23:23:25 /dashboard ................................... ~ 0.10ms
  2026-05-17 23:23:25 /api/mesure .................................. ~ 0.47ms
  2026-05-17 23:23:25 /dashboard ................................... ~ 0.05ms
  2026-05-17 23:23:25 /api/mesure .................................. ~ 0.37ms
  2026-05-17 23:23:25 /dashboard ................................... ~ 0.10ms
  2026-05-17 23:23:25 /api/mesure .................................. ~ 0.49ms
  2026-05-17 23:23:26 /dashboard ................................... ~ 0.11ms
  2026-05-17 23:23:26 /api/mesure .................................. ~ 0.56ms
  2026-05-17 23:23:26 /dashboard ................................... ~ 0.13ms
  2026-05-17 23:23:26 /api/mesure ................................ ~ 501.05ms
  2026-05-17 23:23:26 /sw.js ....................................... ~ 0.05ms
  2026-05-17 23:23:26 /dashboard ................................... ~ 0.06ms
  2026-05-17 23:23:26 /api/mesure .................................. ~ 0.49ms
  2026-05-17 23:23:26 /dashboard ................................... ~ 0.11ms
  2026-05-17 23:23:26 /api/mesure .................................. ~ 0.85ms
  2026-05-17 23:23:27 /dashboard ................................... ~ 0.20ms
  2026-05-17 23:23:27 /api/mesure .................................. ~ 0.93ms
  2026-05-17 23:23:27 /dashboard ................................... ~ 0.08ms
  2026-05-17 23:23:27 /api/mesure .................................. ~ 0.70ms
  2026-05-17 23:23:27 /dashboard ................................... ~ 0.09ms
  2026-05-17 23:23:27 /api/mesure .................................. ~ 0.48ms
  2026-05-17 23:23:27 /dashboard ................................... ~ 0.13ms
  2026-05-17 23:23:27 /api/mesure .................................. ~ 0.54ms
  2026-05-17 23:23:27 /dashboard ................................... ~ 0.05ms
  2026-05-17 23:23:27 /api/mesure .................................. ~ 0.43ms
  2026-05-17 23:23:27 /dashboard ................................... ~ 0.16ms
  2026-05-17 23:23:27 /api/mesure .................................. ~ 0.51ms
  2026-05-17 23:23:28 /dashboard ................................... ~ 0.05ms
  2026-05-17 23:23:28 /api/mesure .................................. ~ 0.44ms
  2026-05-17 23:23:28 /dashboard ................................... ~ 0.06ms
  2026-05-17 23:23:28 /api/mesure .................................. ~ 0.50ms
  2026-05-17 23:23:28 /dashboard ................................. ~ 500.61ms
  2026-05-17 23:23:28 /api/mesure ................................ ~ 501.53ms
  2026-05-17 23:23:29 /sw.js ....................................... ~ 0.09ms
  2026-05-17 23:23:30 /api/mesure .................................. ~ 0.21ms
  2026-05-17 23:23:32 /api/mesure .................................. ~ 0.28ms
  2026-05-17 23:23:34 /api/mesure .................................. ~ 0.21ms
  2026-05-17 23:23:36 /api/mesure .................................. ~ 0.22ms
  2026-05-17 23:23:38 /api/mesure .................................. ~ 0.27ms
  2026-05-17 23:23:40 /sw.js ....................................... ~ 0.21ms
  2026-05-17 23:23:40 /api/mesure .................................. ~ 0.21ms
  2026-05-17 23:23:42 /api/mesure .................................. ~ 0.27ms
  2026-05-17 23:23:44 /api/mesure .................................. ~ 0.23ms
  2026-05-17 23:23:46 /api/mesure .................................. ~ 0.22ms
  2026-05-17 23:23:48 /api/mesure ................................ ~ 500.77ms
  2026-05-17 23:23:50 /api/mesure ................................ ~ 500.58ms
  2026-05-17 23:23:52 /api/mesure ................................ ~ 500.65ms
  2026-05-17 23:23:54 /api/mesure ................................ ~ 500.74ms
  2026-05-17 23:23:56 /api/mesure ................................ ~ 500.73ms
  2026-05-17 23:23:58 /api/mesure ................................ ~ 500.72ms
  2026-05-17 23:24:00 /api/mesure ................................ ~ 500.66ms
  2026-05-17 23:24:02 /api/mesure ................................ ~ 500.71ms
  2026-05-17 23:24:04 /api/mesure ................................ ~ 500.63ms
  2026-05-17 23:24:06 /api/mesure .................................. ~ 0.19ms
  2026-05-17 23:24:08 /api/mesure .................................. ~ 0.27ms
  2026-05-17 23:24:10 /api/mesure .................................. ~ 0.22ms
  2026-05-17 23:24:12 /api/mesure .................................. ~ 0.34ms
  2026-05-17 23:24:14 /api/mesure .................................. ~ 0.23ms
  2026-05-17 23:24:16 /api/mesure .................................. ~ 0.28ms
  2026-05-17 23:24:18 /api/mesure .................................. ~ 0.21ms
  2026-05-17 23:24:20 /api/mesure .................................. ~ 0.22ms
  2026-05-17 23:24:22 /api/mesure .................................. ~ 0.27ms
  2026-05-17 23:24:24 /api/mesure .................................. ~ 0.21ms
  2026-05-17 23:24:26 /api/mesure .................................. ~ 0.23ms
  2026-05-17 23:24:28 /api/mesure .................................. ~ 0.21ms
  2026-05-17 23:24:30 /api/mesure .................................. ~ 0.26ms
  2026-05-17 23:24:32 /api/mesure .................................. ~ 0.22ms
  2026-05-17 23:24:34 /api/mesure .................................. ~ 0.21ms
  2026-05-17 23:24:36 /api/mesure .................................. ~ 0.21ms
  2026-05-17 23:24:38 /api/mesure .................................. ~ 0.28ms
  2026-05-17 23:24:40 /api/mesure .................................. ~ 0.22ms
  2026-05-17 23:24:42 /api/mesure .................................. ~ 0.21ms
  2026-05-17 23:24:44 /api/mesure .................................. ~ 0.23ms
  2026-05-17 23:24:46 /api/mesure .................................. ~ 0.27ms
  2026-05-17 23:24:48 /api/mesure .................................. ~ 0.22ms
  2026-05-17 23:24:50 /api/mesure .................................. ~ 0.22ms
  2026-05-17 23:24:52 /api/mesure .................................. ~ 0.26ms
  2026-05-17 23:24:54 /api/mesure .................................. ~ 0.21ms
  2026-05-17 23:24:56 /api/mesure .................................. ~ 0.22ms
  2026-05-17 23:24:58 /api/mesure .................................. ~ 0.21ms
  2026-05-17 23:25:00 /api/mesure .................................. ~ 0.21ms
  2026-05-17 23:25:02 /api/mesure .................................. ~ 0.23ms
  2026-05-17 23:25:04 /api/mesure .................................. ~ 0.22ms
  2026-05-17 23:25:06 /api/mesure .................................. ~ 0.26ms
  2026-05-17 23:25:08 /api/mesure .................................. ~ 0.23ms
  2026-05-17 23:25:10 /api/mesure .................................. ~ 0.22ms
  2026-05-17 23:25:12 /api/mesure .................................. ~ 0.21ms
  2026-05-17 23:25:14 /api/mesure .................................. ~ 0.27ms
  2026-05-17 23:25:16 /api/mesure .................................. ~ 0.21ms
  2026-05-17 23:25:18 /api/mesure .................................. ~ 0.22ms
  2026-05-17 23:25:20 /api/mesure .................................. ~ 0.23ms
  2026-05-17 23:25:22 /api/mesure .................................. ~ 0.10ms
  2026-05-17 23:25:24 /api/mesure .................................. ~ 0.22ms
  2026-05-17 23:25:26 /api/mesure .................................. ~ 0.13ms
  2026-05-17 23:25:28 /api/mesure .................................. ~ 0.13ms
  2026-05-17 23:25:30 /api/mesure .................................. ~ 0.14ms
  2026-05-17 23:25:32 /api/mesure .................................. ~ 0.32ms
  2026-05-17 23:25:34 /api/mesure .................................. ~ 0.09ms
  2026-05-17 23:25:36 /api/mesure .................................. ~ 0.21ms
  2026-05-17 23:25:38 /api/mesure .................................. ~ 0.23ms
  2026-05-17 23:25:40 /api/mesure .................................. ~ 0.36ms
  2026-05-17 23:25:42 /api/mesure .................................. ~ 0.21ms
  2026-05-17 23:25:44 /api/mesure .................................. ~ 0.21ms
  2026-05-17 23:25:46 /api/mesure .................................. ~ 0.09ms
  2026-05-17 23:25:48 /api/mesure .................................. ~ 0.09ms
  2026-05-17 23:25:50 /api/mesure .................................. ~ 0.21ms
  2026-05-17 23:25:51 /dashboard ................................... ~ 0.35ms
  2026-05-17 23:25:51 /api/mesure .................................. ~ 1.36ms
  2026-05-17 23:25:53 /sw.js ....................................... ~ 0.21ms
  2026-05-17 23:25:53 /api/mesure .................................. ~ 0.09ms
  2026-05-17 23:25:55 /api/mesure .................................. ~ 0.21ms
  2026-05-17 23:25:57 /api/mesure .................................. ~ 0.25ms
  2026-05-17 23:25:59 /parametres ................................ ~ 500.58ms
  2026-05-17 23:25:59 /sw.js ........................................... ~ 1s
  2026-05-17 23:26:15 /dashboard ................................. ~ 500.98ms
  2026-05-17 23:26:15 /api/mesure .................................. ~ 0.08ms
  2026-05-17 23:26:17 /sw.js ....................................... ~ 0.09ms
  2026-05-17 23:26:17 /api/mesure .................................. ~ 0.22ms
  2026-05-17 23:26:19 /api/mesure .................................. ~ 0.22ms
  2026-05-17 23:26:21 /api/mesure .................................. ~ 0.27ms
  2026-05-17 23:26:23 /api/mesure .................................. ~ 0.22ms
  2026-05-17 23:26:25 /api/mesure .................................. ~ 0.23ms
  2026-05-17 23:26:27 /api/mesure .................................. ~ 0.22ms
  2026-05-17 23:26:29 /api/mesure .................................. ~ 0.36ms
  2026-05-17 23:26:31 /api/mesure .................................. ~ 0.32ms
  2026-05-17 23:26:33 /api/mesure .................................. ~ 0.26ms
  2026-05-17 23:26:35 /api/mesure .................................. ~ 0.22ms
  2026-05-17 23:26:37 /api/mesure .................................. ~ 0.21ms
  2026-05-17 23:26:39 /api/mesure .................................. ~ 0.22ms
  2026-05-17 23:26:41 /api/mesure .................................. ~ 0.10ms
  2026-05-17 23:26:43 /api/mesure .................................. ~ 0.26ms
  2026-05-17 23:26:45 /api/mesure .................................. ~ 0.09ms
  2026-05-17 23:26:47 /api/mesure .................................. ~ 0.21ms
  2026-05-17 23:26:49 /api/mesure .................................. ~ 0.09ms
  2026-05-17 23:26:51 /api/mesure .................................. ~ 0.23ms
  2026-05-17 23:26:53 /api/mesure .................................. ~ 0.12ms
  2026-05-17 23:26:55 /api/mesure .................................. ~ 0.25ms
  2026-05-17 23:26:57 /api/mesure .................................. ~ 0.21ms
  2026-05-17 23:26:59 /api/mesure .................................. ~ 0.26ms
  2026-05-17 23:27:01 /api/mesure .................................. ~ 0.21ms
  2026-05-17 23:27:03 /api/mesure .................................. ~ 0.21ms
  2026-05-17 23:27:05 /api/mesure .................................. ~ 0.23ms
  2026-05-17 23:27:07 /api/mesure .................................. ~ 0.21ms
  2026-05-17 23:27:09 /api/mesure ................................ ~ 500.66ms
  2026-05-17 23:27:11 /api/mesure ................................ ~ 500.65ms
  2026-05-17 23:27:13 /api/mesure ................................ ~ 500.70ms
  2026-05-17 23:27:15 /api/mesure ................................ ~ 500.67ms
  2026-05-17 23:27:17 /api/mesure ................................ ~ 500.74ms
  2026-05-17 23:27:19 /api/mesure ................................ ~ 500.63ms
  2026-05-17 23:27:21 /api/mesure ................................ ~ 500.70ms
  2026-05-17 23:27:23 /api/mesure ................................ ~ 500.71ms
  2026-05-17 23:27:25 /api/mesure .................................. ~ 0.29ms
  2026-05-17 23:27:27 /api/mesure ................................ ~ 500.72ms
  2026-05-17 23:27:29 /api/mesure .................................. ~ 0.32ms
  2026-05-17 23:27:31 /api/mesure .................................. ~ 0.31ms
  2026-05-17 23:27:33 /api/mesure .................................. ~ 0.21ms
  2026-05-17 23:27:35 /api/mesure .................................. ~ 0.24ms
  2026-05-17 23:27:37 /api/mesure .................................. ~ 0.21ms
  2026-05-17 23:27:39 /api/mesure .................................. ~ 0.25ms
  2026-05-17 23:27:41 /api/mesure .................................. ~ 0.21ms
  2026-05-17 23:27:43 /api/mesure .................................. ~ 0.26ms
  2026-05-17 23:27:45 /api/mesure .................................. ~ 0.21ms
  2026-05-17 23:27:47 /api/mesure .................................. ~ 0.21ms
  2026-05-17 23:27:49 /api/mesure .................................. ~ 0.21ms
  2026-05-17 23:27:51 /api/mesure .................................. ~ 0.21ms
  2026-05-17 23:27:53 /api/mesure .................................. ~ 0.21ms
  2026-05-17 23:27:55 /api/mesure .................................. ~ 0.33ms
  2026-05-17 23:27:57 /api/mesure .................................. ~ 0.21ms
  2026-05-17 23:27:59 /api/mesure .................................. ~ 0.24ms
  2026-05-17 23:28:01 /api/mesure .................................. ~ 0.21ms
  2026-05-17 23:28:03 /api/mesure .................................. ~ 0.12ms
  2026-05-17 23:28:05 /api/mesure .................................. ~ 0.21ms
  2026-05-17 23:28:07 /api/mesure .................................. ~ 0.27ms
  2026-05-17 23:28:09 /api/mesure .................................. ~ 0.21ms
  2026-05-17 23:28:11 /api/mesure .................................. ~ 0.22ms
  2026-05-17 23:28:13 /api/mesure .................................. ~ 0.22ms
  2026-05-17 23:28:15 /api/mesure .................................. ~ 0.22ms
  2026-05-17 23:28:17 /api/mesure .................................. ~ 0.21ms
  2026-05-17 23:28:19 /api/mesure .................................. ~ 0.21ms
  2026-05-17 23:28:21 /api/mesure .................................. ~ 0.26ms
  2026-05-17 23:28:23 /api/mesure .................................. ~ 0.22ms
  2026-05-17 23:28:25 /api/mesure .................................. ~ 0.23ms
  2026-05-17 23:28:27 /api/mesure .................................. ~ 0.22ms
  2026-05-17 23:28:29 /api/mesure .................................. ~ 0.27ms
  2026-05-17 23:28:31 /api/mesure .................................. ~ 0.23ms
  2026-05-17 23:28:33 /api/mesure .................................. ~ 0.22ms
  2026-05-17 23:28:35 /api/mesure .................................. ~ 0.22ms
  2026-05-17 23:28:37 /api/mesure .................................. ~ 0.21ms
  2026-05-17 23:28:39 /api/mesure .................................. ~ 0.25ms
  2026-05-17 23:28:41 /api/mesure .................................. ~ 0.21ms
  2026-05-17 23:28:43 /api/mesure .................................. ~ 0.22ms
  2026-05-17 23:28:45 /api/mesure .................................. ~ 0.21ms
  2026-05-17 23:28:47 /api/mesure .................................. ~ 0.25ms
  2026-05-17 23:28:49 /api/mesure .................................. ~ 0.21ms
  2026-05-17 23:28:51 /api/mesure .................................. ~ 0.21ms
  2026-05-17 23:28:53 /api/mesure .................................. ~ 0.21ms
  2026-05-17 23:28:55 /api/mesure .................................. ~ 0.21ms
  2026-05-17 23:28:57 /api/mesure .................................. ~ 0.26ms
  2026-05-17 23:28:59 /api/mesure .................................. ~ 0.23ms
  2026-05-17 23:29:01 /api/mesure .................................. ~ 0.21ms
  2026-05-17 23:29:03 /api/mesure .................................. ~ 0.22ms
  2026-05-17 23:29:05 /api/mesure .................................. ~ 0.27ms
  2026-05-17 23:29:07 /api/mesure .................................. ~ 0.21ms
  2026-05-17 23:29:09 /api/mesure .................................. ~ 0.21ms
  2026-05-17 23:29:10 /sw.js ....................................... ~ 0.21ms
  2026-05-17 23:29:11 /api/mesure .................................. ~ 0.25ms
  2026-05-17 23:29:13 /api/mesure .................................. ~ 0.21ms
  2026-05-17 23:29:15 /api/mesure .................................. ~ 0.21ms
  2026-05-17 23:29:17 /api/mesure .................................. ~ 0.25ms
  2026-05-17 23:29:19 /api/mesure .................................. ~ 0.21ms
  2026-05-17 23:29:21 /api/mesure .................................. ~ 0.21ms
  2026-05-17 23:29:23 /api/mesure .................................. ~ 0.21ms
  2026-05-17 23:29:25 /api/mesure .................................. ~ 0.21ms
  2026-05-17 23:29:27 /api/mesure .................................. ~ 0.21ms
  2026-05-17 23:29:29 /api/mesure .................................. ~ 0.28ms
  2026-05-17 23:29:31 /api/mesure .................................. ~ 0.28ms
  2026-05-17 23:29:33 /api/mesure .................................. ~ 0.26ms
  2026-05-17 23:29:35 /api/mesure .................................. ~ 0.22ms
  2026-05-17 23:29:37 /api/mesure .................................. ~ 0.15ms
  2026-05-17 23:29:39 /api/mesure .................................. ~ 0.11ms
  2026-05-17 23:29:41 /api/mesure .................................. ~ 0.27ms
  2026-05-17 23:29:43 /api/mesure .................................. ~ 0.09ms
  2026-05-17 23:29:45 /api/mesure .................................. ~ 0.26ms
  2026-05-17 23:29:47 /api/mesure .................................. ~ 0.26ms
  2026-05-17 23:29:49 /api/mesure .................................. ~ 0.20ms
  2026-05-17 23:29:51 /api/mesure .................................. ~ 0.31ms
  2026-05-17 23:29:53 /api/mesure .................................. ~ 0.21ms
  2026-05-17 23:29:55 /api/mesure .................................. ~ 0.21ms
  2026-05-17 23:29:57 /api/mesure .................................. ~ 0.21ms
  2026-05-17 23:29:59 /api/mesure .................................. ~ 0.21ms
  2026-05-17 23:30:01 /api/mesure .................................. ~ 0.21ms
  2026-05-17 23:30:02 /dashboard ................................... ~ 0.16ms
  2026-05-17 23:30:02 /api/mesure .................................. ~ 0.72ms
  2026-05-17 23:30:03 /dashboard ................................... ~ 0.21ms
  2026-05-17 23:30:03 /api/mesure .................................. ~ 0.66ms
  2026-05-17 23:30:04 /dashboard ................................... ~ 0.35ms
  2026-05-17 23:30:04 /api/mesure .................................. ~ 1.62ms
  2026-05-17 23:30:04 /dashboard ................................... ~ 0.10ms
  2026-05-17 23:30:04 /api/mesure .................................. ~ 1.04ms
  2026-05-17 23:30:04 /sw.js ....................................... ~ 0.09ms
  2026-05-17 23:30:04 /dashboard ................................... ~ 0.12ms
  2026-05-17 23:30:04 /api/mesure ................................ ~ 502.41ms
  2026-05-17 23:30:04 /dashboard ................................... ~ 0.10ms
  2026-05-17 23:30:04 /api/mesure .................................. ~ 0.86ms
  2026-05-17 23:30:04 /dashboard ................................... ~ 0.10ms
  2026-05-17 23:30:04 /api/mesure .................................. ~ 0.62ms
  2026-05-17 23:30:04 /dashboard ................................... ~ 0.06ms
  2026-05-17 23:30:04 /api/mesure ................................ ~ 501.08ms
  2026-05-17 23:30:05 /dashboard ................................... ~ 0.09ms
  2026-05-17 23:30:05 /api/mesure .................................. ~ 0.90ms
  2026-05-17 23:30:05 /dashboard ................................... ~ 0.10ms
  2026-05-17 23:30:05 /api/mesure .................................. ~ 0.74ms
  2026-05-17 23:30:05 /dashboard ................................... ~ 0.10ms
  2026-05-17 23:30:05 /api/mesure ................................ ~ 501.00ms
  2026-05-17 23:30:05 /dashboard ................................... ~ 0.10ms
  2026-05-17 23:30:05 /api/mesure .................................. ~ 1.02ms
  2026-05-17 23:30:05 /dashboard ................................... ~ 0.11ms
  2026-05-17 23:30:05 /api/mesure .................................. ~ 0.99ms
  2026-05-17 23:30:05 /dashboard ................................... ~ 0.10ms
  2026-05-17 23:30:05 /api/mesure ................................ ~ 502.13ms
  2026-05-17 23:30:07 /sw.js ....................................... ~ 0.33ms
  2026-05-17 23:30:07 /api/mesure ................................ ~ 500.75ms
  2026-05-17 23:30:09 /api/mesure .................................. ~ 0.09ms
  2026-05-17 23:30:11 /api/mesure ................................ ~ 500.56ms
  2026-05-17 23:30:13 /api/mesure .................................. ~ 0.09ms
  2026-05-17 23:30:15 /api/mesure ................................ ~ 500.60ms
  2026-05-17 23:30:17 /api/mesure .................................. ~ 0.13ms
  2026-05-17 23:30:19 /api/mesure ................................ ~ 500.65ms
  2026-05-17 23:30:21 /api/mesure .................................. ~ 0.27ms
  2026-05-17 23:30:23 /api/mesure .................................. ~ 0.37ms
  2026-05-17 23:30:25 /api/mesure .................................. ~ 0.21ms
  2026-05-17 23:30:27 /api/mesure .................................. ~ 0.21ms
  2026-05-17 23:30:29 /api/mesure .................................. ~ 0.25ms
  2026-05-17 23:30:31 /api/mesure .................................. ~ 0.21ms
  2026-05-17 23:30:33 /api/mesure .................................. ~ 0.22ms
  2026-05-17 23:30:35 /api/mesure .................................. ~ 0.25ms
  2026-05-17 23:30:37 /api/mesure .................................. ~ 0.21ms
  2026-05-17 23:30:39 /api/mesure .................................. ~ 0.22ms
  2026-05-17 23:30:41 /api/mesure .................................. ~ 0.22ms
  2026-05-17 23:30:43 /api/mesure .................................. ~ 0.21ms
  2026-05-17 23:30:45 /api/mesure .................................. ~ 0.21ms
  2026-05-17 23:30:47 /api/mesure .................................. ~ 0.21ms
  2026-05-17 23:30:49 /api/mesure .................................. ~ 0.25ms
  2026-05-17 23:30:51 /api/mesure .................................. ~ 0.21ms
  2026-05-17 23:30:53 /api/mesure .................................. ~ 0.21ms
  2026-05-17 23:30:55 /api/mesure .................................. ~ 0.28ms
  2026-05-17 23:30:57 /api/mesure .................................. ~ 0.21ms
  2026-05-17 23:30:59 /api/mesure .................................. ~ 0.09ms
  2026-05-17 23:31:01 /api/mesure .................................. ~ 0.25ms
  2026-05-17 23:31:03 /api/mesure .................................. ~ 0.22ms
  2026-05-17 23:31:05 /api/mesure .................................. ~ 0.23ms
  2026-05-17 23:31:07 /api/mesure .................................. ~ 0.22ms
  2026-05-17 23:31:09 /api/mesure .................................. ~ 0.33ms
  2026-05-17 23:31:11 /api/mesure .................................. ~ 0.21ms
  2026-05-17 23:31:13 /api/mesure .................................. ~ 0.13ms
  2026-05-17 23:31:15 /api/mesure .................................. ~ 0.26ms
  2026-05-17 23:31:17 /api/mesure .................................. ~ 0.22ms
  2026-05-17 23:31:19 /api/mesure .................................. ~ 0.21ms
  2026-05-17 23:31:21 /api/mesure .................................. ~ 0.22ms
  2026-05-17 23:31:23 /api/mesure .................................. ~ 0.21ms
  2026-05-17 23:31:25 /api/mesure .................................. ~ 0.21ms
  2026-05-17 23:31:27 /api/mesure .................................. ~ 0.22ms
  2026-05-17 23:31:29 /api/mesure .................................. ~ 0.25ms
  2026-05-17 23:31:31 /api/mesure .................................. ~ 0.22ms
  2026-05-17 23:31:33 /api/mesure .................................. ~ 0.21ms
  2026-05-17 23:31:35 /api/mesure .................................. ~ 0.22ms
  2026-05-17 23:31:37 /api/mesure .................................. ~ 0.26ms
  2026-05-17 23:31:39 /api/mesure .................................. ~ 0.21ms
  2026-05-17 23:31:41 /api/mesure .................................. ~ 0.25ms
  2026-05-17 23:31:43 /api/mesure .................................. ~ 0.22ms
  2026-05-17 23:31:45 /api/mesure .................................. ~ 0.25ms
  2026-05-17 23:31:47 /api/mesure .................................. ~ 0.27ms
  2026-05-17 23:31:49 /api/mesure .................................. ~ 0.21ms
  2026-05-17 23:31:51 /api/mesure .................................. ~ 0.21ms
  2026-05-17 23:31:53 /api/mesure .................................. ~ 0.21ms
  2026-05-17 23:31:55 /api/mesure .................................. ~ 0.21ms
  2026-05-17 23:31:57 /api/mesure .................................. ~ 0.27ms
  2026-05-17 23:31:59 /api/mesure .................................. ~ 0.21ms
  2026-05-17 23:32:01 /api/mesure .................................. ~ 0.22ms
  2026-05-17 23:32:03 /api/mesure .................................. ~ 0.21ms
  2026-05-17 23:32:05 /api/mesure .................................. ~ 0.21ms
  2026-05-17 23:32:07 /api/mesure .................................. ~ 0.21ms
  2026-05-17 23:32:09 /api/mesure .................................. ~ 0.22ms
  2026-05-17 23:32:11 /api/mesure .................................. ~ 0.22ms
  2026-05-17 23:32:13 /api/mesure .................................. ~ 0.28ms
  2026-05-17 23:32:15 /api/mesure .................................. ~ 0.21ms
  2026-05-17 23:32:17 /api/mesure .................................. ~ 0.30ms
  2026-05-17 23:32:19 /api/mesure .................................. ~ 0.26ms
  2026-05-17 23:32:21 /api/mesure .................................. ~ 0.22ms
  2026-05-17 23:32:23 /api/mesure .................................. ~ 0.22ms
  2026-05-17 23:32:25 /api/mesure .................................. ~ 0.21ms
  2026-05-17 23:32:27 /api/mesure .................................. ~ 0.27ms
  2026-05-17 23:32:29 /api/mesure .................................. ~ 0.21ms
  2026-05-17 23:32:31 /api/mesure .................................. ~ 0.21ms
  2026-05-17 23:32:33 /api/mesure .................................. ~ 0.21ms
  2026-05-17 23:32:35 /api/mesure .................................. ~ 0.22ms
  2026-05-17 23:32:37 /api/mesure .................................. ~ 0.29ms
  2026-05-17 23:32:39 /api/mesure .................................. ~ 0.21ms
  2026-05-17 23:32:41 /api/mesure .................................. ~ 0.22ms
  2026-05-17 23:32:43 /api/mesure .................................. ~ 0.23ms
  2026-05-17 23:32:45 /api/mesure .................................. ~ 0.21ms
  2026-05-17 23:32:47 /api/mesure .................................. ~ 0.22ms
  2026-05-17 23:32:49 /api/mesure .................................. ~ 0.21ms
  2026-05-17 23:32:51 /api/mesure .................................. ~ 0.28ms
  2026-05-17 23:32:53 /api/mesure .................................. ~ 0.22ms
  2026-05-17 23:32:55 /api/mesure .................................. ~ 0.21ms
  2026-05-17 23:32:57 /api/mesure .................................. ~ 0.22ms
  2026-05-17 23:32:59 /api/mesure .................................. ~ 0.25ms
  2026-05-17 23:33:01 /api/mesure .................................. ~ 0.21ms
  2026-05-17 23:33:03 /api/mesure .................................. ~ 0.24ms
  2026-05-17 23:33:05 /api/mesure .................................. ~ 0.27ms
  2026-05-17 23:33:07 /api/mesure .................................. ~ 0.22ms
  2026-05-17 23:33:09 /api/mesure .................................. ~ 0.22ms
  2026-05-17 23:33:11 /api/mesure .................................. ~ 0.21ms
  2026-05-17 23:33:13 /api/mesure .................................. ~ 0.27ms
  2026-05-17 23:33:15 /api/mesure .................................. ~ 0.22ms
  2026-05-17 23:33:17 /api/mesure .................................. ~ 0.21ms
  2026-05-17 23:33:19 /api/mesure .................................. ~ 0.22ms
  2026-05-17 23:33:21 /api/mesure .................................. ~ 0.21ms
  2026-05-17 23:33:23 /api/mesure .................................. ~ 0.22ms
  2026-05-17 23:33:25 /api/mesure .................................. ~ 0.21ms
  2026-05-17 23:33:27 /api/mesure .................................. ~ 0.26ms
  2026-05-17 23:33:29 /api/mesure .................................. ~ 0.22ms
  2026-05-17 23:33:31 /api/mesure .................................. ~ 0.26ms
  2026-05-17 23:33:33 /api/mesure .................................. ~ 0.21ms
  2026-05-17 23:33:35 /api/mesure .................................. ~ 0.21ms
  2026-05-17 23:33:37 /api/mesure .................................. ~ 0.28ms
  2026-05-17 23:33:39 /api/mesure .................................. ~ 0.21ms
  2026-05-17 23:33:41 /api/mesure .................................. ~ 0.21ms
  2026-05-17 23:33:43 /api/mesure .................................. ~ 0.21ms
  2026-05-17 23:33:45 /api/mesure .................................. ~ 0.29ms
  2026-05-17 23:33:47 /api/mesure .................................. ~ 0.21ms
  2026-05-17 23:33:49 /api/mesure .................................. ~ 0.21ms
  2026-05-17 23:33:51 /api/mesure .................................. ~ 0.22ms
  2026-05-17 23:33:53 /api/mesure .................................. ~ 0.21ms
  2026-05-17 23:33:55 /api/mesure .................................. ~ 0.22ms
  2026-05-17 23:33:57 /api/mesure .................................. ~ 0.21ms
  2026-05-17 23:33:59 /api/mesure .................................. ~ 0.22ms
  2026-05-17 23:34:01 /api/mesure .................................. ~ 0.35ms
  2026-05-17 23:34:03 /api/mesure .................................. ~ 0.22ms
  2026-05-17 23:34:05 /api/mesure .................................. ~ 0.22ms
  2026-05-17 23:34:07 /api/mesure .................................. ~ 0.21ms
  2026-05-17 23:34:09 /api/mesure .................................. ~ 0.21ms
  2026-05-17 23:34:11 /api/mesure .................................. ~ 0.22ms
  2026-05-17 23:34:13 /api/mesure .................................. ~ 0.22ms
  2026-05-17 23:34:15 /api/mesure .................................. ~ 0.22ms
  2026-05-17 23:34:17 /api/mesure .................................. ~ 0.28ms
  2026-05-17 23:34:19 /api/mesure .................................. ~ 0.22ms
  2026-05-17 23:34:21 /api/mesure .................................. ~ 0.13ms
  2026-05-17 23:34:23 /api/mesure .................................. ~ 0.09ms
  2026-05-17 23:34:25 /api/mesure .................................. ~ 0.21ms
  2026-05-17 23:34:27 /api/mesure .................................. ~ 0.23ms
  2026-05-17 23:34:29 /api/mesure .................................. ~ 0.21ms
  2026-05-17 23:34:31 /api/mesure .................................. ~ 0.34ms
  2026-05-17 23:34:33 /api/mesure .................................. ~ 0.09ms
  2026-05-17 23:34:35 /api/mesure .................................. ~ 0.31ms
  2026-05-17 23:34:37 /api/mesure .................................. ~ 0.09ms
  2026-05-17 23:34:39 /api/mesure .................................. ~ 0.22ms
  2026-05-17 23:34:40 /sw.js ....................................... ~ 0.13ms
  2026-05-17 23:34:41 /api/mesure .................................. ~ 0.09ms
  2026-05-17 23:34:43 /api/mesure .................................. ~ 0.24ms
  2026-05-17 23:34:45 /api/mesure .................................. ~ 0.10ms
  2026-05-17 23:34:47 /api/mesure .................................. ~ 0.21ms
  2026-05-17 23:34:49 /api/mesure .................................. ~ 0.26ms
  2026-05-17 23:34:51 /api/mesure .................................. ~ 0.22ms
  2026-05-17 23:34:52 /dashboard ................................... ~ 0.23ms
  2026-05-17 23:34:52 /api/mesure .................................. ~ 1.89ms
  2026-05-17 23:34:54 /sw.js ....................................... ~ 0.22ms
  2026-05-17 23:34:56 /api/mesure .................................. ~ 0.22ms
  2026-05-17 23:34:59 /api/mesure .................................. ~ 0.22ms
  2026-05-17 23:35:02 /api/mesure .................................. ~ 0.22ms
  2026-05-17 23:35:05 /api/mesure .................................. ~ 0.30ms
  2026-05-17 23:35:08 /api/mesure .................................. ~ 0.22ms
  2026-05-17 23:35:11 /api/mesure .................................. ~ 0.26ms
  2026-05-17 23:35:14 /api/mesure .................................. ~ 0.21ms
  2026-05-17 23:35:17 /api/mesure .................................. ~ 0.27ms
  2026-05-17 23:35:20 /api/mesure .................................. ~ 0.26ms
  2026-05-17 23:35:23 /api/mesure .................................. ~ 0.21ms
  2026-05-17 23:35:26 /api/mesure .................................. ~ 0.23ms
  2026-05-17 23:35:29 /api/mesure .................................. ~ 0.21ms
  2026-05-17 23:35:32 /api/mesure .................................. ~ 0.26ms
  2026-05-17 23:35:35 /api/mesure .................................. ~ 0.21ms
  2026-05-17 23:35:38 /api/mesure .................................. ~ 0.22ms
  2026-05-17 23:35:41 /api/mesure .................................. ~ 0.26ms
  2026-05-17 23:35:44 /api/mesure .................................. ~ 0.21ms
  2026-05-17 23:35:47 /api/mesure .................................. ~ 0.22ms
  2026-05-17 23:35:50 /api/mesure .................................. ~ 0.21ms
  2026-05-17 23:35:53 /api/mesure .................................. ~ 0.21ms
  2026-05-17 23:35:56 /api/mesure .................................. ~ 0.31ms
  2026-05-17 23:35:59 /api/mesure .................................. ~ 0.23ms
  2026-05-17 23:36:02 /api/mesure .................................. ~ 0.22ms
  2026-05-17 23:36:05 /api/mesure .................................. ~ 0.21ms
  2026-05-17 23:36:08 /api/mesure .................................. ~ 0.22ms
  2026-05-17 23:36:11 /api/mesure .................................. ~ 0.21ms
  2026-05-17 23:36:14 /api/mesure .................................. ~ 0.22ms
  2026-05-17 23:36:17 /api/mesure .................................. ~ 0.21ms
  2026-05-17 23:36:20 /api/mesure .................................. ~ 0.22ms
  2026-05-17 23:36:23 /api/mesure .................................. ~ 0.22ms
  2026-05-17 23:36:26 /api/mesure .................................. ~ 0.21ms
  2026-05-17 23:36:29 /api/mesure .................................. ~ 0.26ms
  2026-05-17 23:36:32 /api/mesure .................................. ~ 0.22ms
  2026-05-17 23:36:35 /api/mesure .................................. ~ 0.22ms
  2026-05-17 23:36:38 /api/mesure .................................. ~ 0.26ms
  2026-05-17 23:36:41 /api/mesure .................................. ~ 0.23ms
  2026-05-17 23:36:44 /api/mesure .................................. ~ 0.21ms
  2026-05-17 23:36:47 /api/mesure .................................. ~ 0.09ms
  2026-05-17 23:36:50 /api/mesure .................................. ~ 0.35ms
  2026-05-17 23:36:53 /api/mesure .................................. ~ 0.21ms
  2026-05-17 23:36:56 /api/mesure .................................. ~ 0.09ms
  2026-05-17 23:36:59 /api/mesure .................................. ~ 0.17ms
  2026-05-17 23:36:59 /dashboard ................................... ~ 0.19ms
  2026-05-17 23:36:59 /api/mesure ................................ ~ 500.65ms
  2026-05-17 23:37:01 /sw.js ....................................... ~ 0.22ms
  2026-05-17 23:37:02 /api/mesure ................................ ~ 500.29ms
  2026-05-17 23:37:05 /api/mesure ................................ ~ 500.30ms
  2026-05-17 23:37:08 /api/mesure ................................ ~ 500.54ms
  2026-05-17 23:37:11 /api/mesure ................................ ~ 500.57ms
  2026-05-17 23:37:14 /api/mesure ................................ ~ 500.55ms
  2026-05-17 23:37:17 /api/mesure ................................ ~ 500.56ms
  2026-05-17 23:37:20 /api/mesure ................................ ~ 500.66ms
  2026-05-17 23:37:23 /api/mesure .................................. ~ 0.22ms
  2026-05-17 23:37:26 /api/mesure .................................. ~ 0.39ms
  2026-05-17 23:37:29 /api/mesure .................................. ~ 0.28ms
  2026-05-17 23:37:32 /api/mesure .................................. ~ 0.28ms
  2026-05-17 23:37:35 /api/mesure .................................. ~ 0.22ms
  2026-05-17 23:37:38 /api/mesure .................................. ~ 0.22ms
  2026-05-17 23:37:41 /api/mesure .................................. ~ 0.28ms
  2026-05-17 23:37:44 /api/mesure .................................. ~ 0.23ms
  2026-05-17 23:37:47 /api/mesure .................................. ~ 0.21ms
  2026-05-17 23:37:50 /api/mesure .................................. ~ 0.22ms
  2026-05-17 23:37:53 /api/mesure .................................. ~ 0.22ms
  2026-05-17 23:37:56 /api/mesure .................................. ~ 0.22ms
  2026-05-17 23:37:59 /api/mesure .................................. ~ 0.24ms
  2026-05-17 23:38:02 /api/mesure .................................. ~ 0.25ms
  2026-05-17 23:38:05 /api/mesure .................................. ~ 0.22ms
  2026-05-17 23:38:08 /api/mesure .................................. ~ 0.21ms
  2026-05-17 23:38:11 /api/mesure .................................. ~ 0.21ms
  2026-05-17 23:38:14 /api/mesure .................................. ~ 0.23ms
  2026-05-17 23:38:17 /api/mesure .................................. ~ 0.21ms
  2026-05-17 23:38:20 /api/mesure .................................. ~ 0.25ms
  2026-05-17 23:38:23 /api/mesure .................................. ~ 0.22ms
  2026-05-17 23:38:26 /api/mesure .................................. ~ 0.21ms
  2026-05-17 23:38:29 /api/mesure .................................. ~ 0.09ms
  2026-05-17 23:38:32 /api/mesure .................................. ~ 0.22ms
  2026-05-17 23:38:35 /api/mesure .................................. ~ 0.16ms
  2026-05-17 23:38:38 /api/mesure .................................. ~ 0.22ms
  2026-05-17 23:38:41 /api/mesure .................................. ~ 0.21ms
  2026-05-17 23:38:44 /api/mesure .................................. ~ 0.22ms
  2026-05-17 23:38:47 /api/mesure .................................. ~ 0.23ms
  2026-05-17 23:38:50 /api/mesure .................................. ~ 0.22ms
  2026-05-17 23:38:53 /api/mesure .................................. ~ 0.21ms
  2026-05-17 23:38:56 /api/mesure .................................. ~ 0.30ms
  2026-05-17 23:38:59 /api/mesure .................................. ~ 0.22ms
  2026-05-17 23:39:02 /api/mesure .................................. ~ 0.21ms
  2026-05-17 23:39:05 /api/mesure .................................. ~ 0.22ms
  2026-05-17 23:39:08 /api/mesure .................................. ~ 0.22ms
  2026-05-17 23:39:11 /api/mesure .................................. ~ 0.22ms
  2026-05-17 23:39:14 /api/mesure .................................. ~ 0.21ms
  2026-05-17 23:39:17 /api/mesure .................................. ~ 0.21ms
  2026-05-17 23:39:20 /api/mesure .................................. ~ 0.27ms
  2026-05-17 23:39:23 /api/mesure .................................. ~ 0.27ms
  2026-05-17 23:39:26 /api/mesure .................................. ~ 0.22ms
  2026-05-17 23:39:29 /api/mesure .................................. ~ 0.22ms
  2026-05-17 23:39:32 /api/mesure .................................. ~ 0.25ms
  2026-05-17 23:39:35 /api/mesure .................................. ~ 0.21ms
  2026-05-17 23:39:38 /api/mesure .................................. ~ 0.22ms
  2026-05-17 23:39:41 /api/mesure .................................. ~ 0.21ms
  2026-05-17 23:39:44 /api/mesure .................................. ~ 0.22ms
  2026-05-17 23:39:47 /api/mesure .................................. ~ 0.21ms
  2026-05-17 23:39:50 /api/mesure .................................. ~ 0.26ms
  2026-05-17 23:39:53 /api/mesure .................................. ~ 0.22ms
  2026-05-17 23:39:56 /api/mesure .................................. ~ 0.21ms
  2026-05-17 23:39:59 /api/mesure .................................. ~ 0.26ms
  2026-05-17 23:40:02 /api/mesure .................................. ~ 0.22ms
  2026-05-17 23:40:05 /api/mesure .................................. ~ 0.21ms
  2026-05-17 23:40:08 /api/mesure .................................. ~ 0.33ms
  2026-05-17 23:40:10 /sw.js ....................................... ~ 0.21ms
  2026-05-17 23:40:11 /api/mesure .................................. ~ 0.21ms
  2026-05-17 23:40:14 /api/mesure .................................. ~ 0.26ms
  2026-05-17 23:40:17 /api/mesure .................................. ~ 0.21ms
  2026-05-17 23:40:20 /api/mesure .................................. ~ 0.29ms
  2026-05-17 23:40:23 /api/mesure .................................. ~ 0.22ms
  2026-05-17 23:40:26 /api/mesure .................................. ~ 0.22ms
  2026-05-17 23:40:29 /api/mesure .................................. ~ 0.26ms
  2026-05-17 23:40:32 /api/mesure .................................. ~ 0.22ms
  2026-05-17 23:40:35 /api/mesure .................................. ~ 0.22ms
  2026-05-17 23:40:38 /api/mesure .................................. ~ 0.26ms
  2026-05-17 23:40:41 /api/mesure .................................. ~ 0.22ms
  2026-05-17 23:40:44 /api/mesure .................................. ~ 0.21ms
  2026-05-17 23:40:47 /api/mesure .................................. ~ 0.26ms
  2026-05-17 23:40:50 /api/mesure .................................. ~ 0.21ms
  2026-05-17 23:40:53 /api/mesure .................................. ~ 0.21ms
  2026-05-17 23:40:56 /api/mesure .................................. ~ 0.22ms
  2026-05-17 23:40:59 /api/mesure .................................. ~ 0.23ms
  2026-05-17 23:41:02 /api/mesure .................................. ~ 0.25ms
  2026-05-17 23:41:05 /api/mesure .................................. ~ 0.22ms
  2026-05-17 23:41:08 /api/mesure .................................. ~ 0.22ms
  2026-05-17 23:41:11 /api/mesure .................................. ~ 0.22ms
  2026-05-17 23:41:14 /api/mesure .................................. ~ 0.22ms
  2026-05-17 23:41:17 /api/mesure .................................. ~ 0.30ms
  2026-05-17 23:41:20 /api/mesure .................................. ~ 0.22ms
  2026-05-17 23:41:23 /api/mesure .................................. ~ 0.21ms
  2026-05-17 23:41:26 /api/mesure .................................. ~ 0.22ms
  2026-05-17 23:41:29 /api/mesure .................................. ~ 0.22ms
  2026-05-17 23:41:32 /api/mesure .................................. ~ 0.23ms
  2026-05-17 23:41:35 /api/mesure .................................. ~ 0.22ms
  2026-05-17 23:41:38 /api/mesure .................................. ~ 0.26ms
  2026-05-17 23:41:41 /api/mesure .................................. ~ 0.22ms
  2026-05-17 23:41:44 /api/mesure .................................. ~ 0.26ms
  2026-05-17 23:41:47 /api/mesure .................................. ~ 0.09ms
  2026-05-17 23:41:50 /api/mesure .................................. ~ 0.09ms
  2026-05-17 23:41:53 /api/mesure .................................. ~ 0.22ms
  2026-05-17 23:41:56 /api/mesure .................................. ~ 0.26ms
  2026-05-17 23:41:59 /api/mesure .................................. ~ 0.12ms
  2026-05-17 23:41:59 /dashboard ................................... ~ 0.06ms
  2026-05-17 23:41:59 /api/mesure ................................ ~ 500.72ms
  2026-05-17 23:42:01 /dashboard ................................... ~ 0.14ms
  2026-05-17 23:42:01 /api/mesure ................................ ~ 500.37ms
  2026-05-17 23:42:01 /dashboard ................................... ~ 0.06ms
  2026-05-17 23:42:01 /api/mesure .................................. ~ 0.42ms
  2026-05-17 23:42:01 /sw.js ....................................... ~ 0.03ms
  2026-05-17 23:42:01 /dashboard ................................... ~ 0.10ms
  2026-05-17 23:42:02 /api/mesure .................................. ~ 0.04ms
  2026-05-17 23:42:02 /dashboard ................................. ~ 500.33ms
  2026-05-17 23:42:02 /api/mesure .................................. ~ 0.04ms
  2026-05-17 23:42:03 /acceuil ................................... ~ 500.61ms
  2026-05-17 23:42:03 /sw.js ........................................... ~ 1s
  2026-05-17 23:42:06 /acceuil ..................................... ~ 0.35ms
  2026-05-17 23:42:06 /acceuil ................................... ~ 502.99ms
  2026-05-17 23:42:07 /sw.js ........................................... ~ 2s
  2026-05-17 23:42:19 /Acceuil ..................................... ~ 0.22ms
  2026-05-17 23:42:19 /sw.js ........................................... ~ 2s
  2026-05-17 23:42:22 /api/mesure ...................................... ~ 1s
  2026-05-17 23:42:22 /sw.js ........................................... ~ 2s
  2026-05-17 23:42:26 /acceuil ..................................... ~ 0.15ms
  2026-05-17 23:42:26 /sw.js ........................................... ~ 2s
  2026-05-17 23:42:29 /api/mesure .................................. ~ 0.09ms
  2026-05-17 23:42:32 /api/mesure .................................. ~ 0.22ms
  2026-05-17 23:42:35 /api/mesure .................................. ~ 0.22ms
  2026-05-17 23:42:38 /api/mesure .................................. ~ 0.27ms
  2026-05-17 23:42:41 /api/mesure .................................. ~ 0.22ms
  2026-05-17 23:42:44 /api/mesure .................................. ~ 0.22ms
  2026-05-17 23:42:47 /api/mesure .................................. ~ 0.27ms
  2026-05-17 23:42:50 /api/mesure .................................. ~ 0.21ms
  2026-05-17 23:42:53 /api/mesure .................................. ~ 0.21ms
  2026-05-17 23:42:56 /api/mesure .................................. ~ 0.21ms
  2026-05-17 23:42:59 /api/mesure .................................. ~ 0.22ms
  2026-05-17 23:43:02 /api/mesure .................................. ~ 0.21ms
  2026-05-17 23:43:05 /api/mesure .................................. ~ 0.22ms
  2026-05-17 23:43:08 /api/mesure .................................. ~ 0.23ms
  2026-05-17 23:43:11 /api/mesure .................................. ~ 0.21ms
  2026-05-17 23:43:14 /api/mesure .................................. ~ 0.25ms
  2026-05-17 23:43:17 /api/mesure .................................. ~ 0.21ms
  2026-05-17 23:43:20 /api/mesure .................................. ~ 0.21ms
  2026-05-17 23:43:23 /api/mesure .................................. ~ 0.21ms
  2026-05-17 23:43:26 /api/mesure .................................. ~ 0.22ms
  2026-05-17 23:43:29 /api/mesure .................................. ~ 0.27ms
  2026-05-17 23:43:32 /api/mesure .................................. ~ 0.22ms
  2026-05-17 23:43:35 /api/mesure .................................. ~ 0.17ms
  2026-05-17 23:43:38 /api/mesure .................................. ~ 0.22ms
  2026-05-17 23:43:41 /api/mesure .................................. ~ 0.23ms
  2026-05-17 23:43:44 /api/mesure .................................. ~ 0.22ms
  2026-05-17 23:43:47 /api/mesure .................................. ~ 0.22ms
  2026-05-17 23:43:50 /api/mesure .................................. ~ 0.22ms
  2026-05-17 23:43:53 /api/mesure .................................. ~ 0.23ms
  2026-05-17 23:43:56 /api/mesure .................................. ~ 0.25ms
  2026-05-17 23:43:59 /api/mesure .................................. ~ 0.32ms
  2026-05-17 23:44:02 /api/mesure .................................. ~ 0.22ms
  2026-05-17 23:44:05 /api/mesure .................................. ~ 0.27ms
  2026-05-17 23:44:08 /api/mesure .................................. ~ 0.22ms
  2026-05-17 23:44:11 /api/mesure .................................. ~ 0.22ms
  2026-05-17 23:44:14 /api/mesure .................................. ~ 0.22ms
  2026-05-17 23:44:17 /api/mesure .................................. ~ 0.22ms
  2026-05-17 23:44:20 /api/mesure .................................. ~ 0.26ms
  2026-05-17 23:44:23 /api/mesure .................................. ~ 0.23ms
  2026-05-17 23:44:26 /api/mesure .................................. ~ 0.09ms
  2026-05-17 23:44:29 /api/mesure .................................. ~ 0.23ms
  2026-05-17 23:44:32 /api/mesure .................................. ~ 0.24ms
  2026-05-17 23:44:35 /api/mesure .................................. ~ 0.09ms
  2026-05-17 23:44:38 /api/mesure .................................. ~ 0.14ms
  2026-05-17 23:44:41 /api/mesure .................................. ~ 0.26ms
  2026-05-17 23:44:44 /api/mesure .................................. ~ 0.26ms
  2026-05-17 23:44:46 /acceuil ..................................... ~ 0.19ms
  2026-05-17 23:44:46 /sw.js ........................................... ~ 2s
  2026-05-17 23:45:02 /dashboard ................................... ~ 0.09ms
  2026-05-17 23:45:02 /api/mesure .................................. ~ 0.05ms
  2026-05-17 23:45:04 /sw.js ....................................... ~ 0.21ms
  2026-05-17 23:45:05 /api/mesure .................................. ~ 0.22ms
  2026-05-17 23:45:08 /api/mesure .................................. ~ 0.27ms
  2026-05-17 23:45:11 /api/mesure .................................. ~ 0.21ms
  2026-05-17 23:45:14 /api/mesure .................................. ~ 0.21ms
  2026-05-17 23:45:17 /api/mesure .................................. ~ 0.22ms
  2026-05-17 23:45:20 /api/mesure .................................. ~ 0.22ms
  2026-05-17 23:45:23 /api/mesure .................................. ~ 0.19ms
  2026-05-17 23:45:24 /api/mesure ...................................... ~ 2s
  2026-05-17 23:45:29 /api/mesure .................................. ~ 0.09ms
  2026-05-17 23:45:30 /connexion ................................... ~ 0.30ms
  2026-05-17 23:45:30 /sw.js ........................................... ~ 2s
  2026-05-17 23:45:38 /connexion ................................... ~ 0.26ms
  2026-05-17 23:45:38 /sw.js ........................................... ~ 2s
  2026-05-17 23:47:04 /connexion ................................... ~ 0.12ms
  2026-05-17 23:47:04 /sw.js ........................................... ~ 2s
  2026-05-17 23:47:06 /connexion ................................... ~ 0.24ms
  2026-05-17 23:47:06 /sw.js ........................................... ~ 2s
  2026-05-17 23:47:19 /connexion ................................... ~ 0.26ms
  2026-05-17 23:47:19 /sw.js ........................................... ~ 1s
  2026-05-17 23:47:38 /login ........................................... ~ 4s
  2026-05-17 23:47:43 /sw.js ........................................... ~ 2s
  2026-05-17 23:47:46 /inscription ............................... ~ 500.36ms
  2026-05-17 23:47:46 /sw.js ........................................... ~ 2s
  2026-05-17 23:48:17 /sw.js ....................................... ~ 0.23ms
  2026-05-17 23:52:29 /dashboard ................................... ~ 0.22ms
  2026-05-17 23:52:29 /api/mesure ................................ ~ 501.61ms
  2026-05-17 23:52:31 /sw.js ....................................... ~ 0.23ms
  2026-05-17 23:52:32 /api/mesure .................................. ~ 0.22ms
  2026-05-17 23:52:34 /dashboard ................................... ~ 0.22ms
  2026-05-17 23:52:34 /api/mesure .................................. ~ 0.77ms
  2026-05-17 23:52:35 /dashboard ................................... ~ 0.14ms
  2026-05-17 23:52:35 /api/mesure .................................. ~ 0.73ms
  2026-05-17 23:52:36 /sw.js ....................................... ~ 0.22ms
  2026-05-17 23:52:37 /sw.js ....................................... ~ 0.17ms
  2026-05-17 23:52:38 /dashboard ................................. ~ 500.37ms
  2026-05-17 23:52:38 /api/mesure .................................. ~ 0.04ms
  2026-05-17 23:52:39 /dashboard ................................. ~ 500.63ms
  2026-05-17 23:52:40 /api/mesure .................................. ~ 0.11ms
  2026-05-17 23:52:40 /sw.js ....................................... ~ 0.10ms
  2026-05-17 23:52:40 /acceuil ................................... ~ 500.70ms
  2026-05-17 23:52:41 /sw.js ..................................... ~ 500.79ms
  2026-05-17 23:52:43 /sw.js ....................................... ~ 0.22ms
  2026-05-17 23:52:43 /api/mesure .................................. ~ 0.09ms
  2026-05-17 23:52:45 /acceuil ..................................... ~ 0.30ms
  2026-05-17 23:52:45 /sw.js ........................................... ~ 1s
  2026-05-17 23:52:47 /api/mesure .................................. ~ 0.09ms
  2026-05-17 23:52:49 /api/mesure .................................. ~ 0.35ms
  2026-05-17 23:52:49 /surveillance .............................. ~ 500.69ms
  2026-05-17 23:52:49 /statistiques .................................... ~ 1s
  2026-05-17 23:52:51 /sw.js ..................................... ~ 500.64ms
  2026-05-17 23:52:51 /sms ......................................... ~ 0.09ms
  2026-05-17 23:52:52 /profil .......................................... ~ 1s
  2026-05-17 23:52:53 /sw.js ....................................... ~ 0.04ms
  2026-05-17 23:52:55 /sw.js ....................................... ~ 0.09ms
  2026-05-17 23:52:59 /sms ......................................... ~ 0.22ms
  2026-05-17 23:53:00 /sms ....................................... ~ 500.34ms
  2026-05-17 23:53:00 /sw.js ........................................... ~ 2s
  2026-05-17 23:53:06 /dashboard ................................... ~ 0.13ms
  2026-05-17 23:53:06 /api/mesure ................................ ~ 500.74ms
  2026-05-17 23:53:09 /sw.js ....................................... ~ 0.21ms
  2026-05-17 23:53:09 /api/mesure .................................. ~ 0.22ms
  2026-05-17 23:53:41 /sw.js ..................................... ~ 500.71ms
  2026-05-17 23:53:46 /api/mesure .................................. ~ 0.16ms
  2026-05-17 23:53:48 /api/mesure .................................. ~ 0.22ms
  2026-05-17 23:53:51 /api/mesure .................................. ~ 0.22ms
  2026-05-17 23:53:54 /api/mesure .................................. ~ 0.22ms
  2026-05-17 23:53:57 /api/mesure .................................. ~ 0.28ms
  2026-05-17 23:54:00 /api/mesure .................................. ~ 0.21ms
  2026-05-17 23:54:03 /api/mesure .................................. ~ 0.22ms
  2026-05-17 23:54:06 /api/mesure .................................. ~ 0.22ms
  2026-05-17 23:54:09 /api/mesure .................................. ~ 0.27ms
  2026-05-17 23:54:12 /api/mesure .................................. ~ 0.22ms
  2026-05-17 23:54:15 /api/mesure ................................ ~ 500.78ms
  2026-05-17 23:54:18 /api/mesure ................................ ~ 500.67ms
  2026-05-17 23:54:21 /api/mesure ................................ ~ 500.67ms
  2026-05-17 23:54:24 /api/mesure ................................ ~ 500.70ms
  2026-05-17 23:54:27 /api/mesure ................................ ~ 500.66ms
  2026-05-17 23:54:30 /api/mesure ................................ ~ 500.81ms
  2026-05-17 23:54:31 /acceuil ..................................... ~ 0.15ms
  2026-05-17 23:54:31 /sw.js ........................................... ~ 2s
  2026-05-17 23:55:02 /sw.js ....................................... ~ 0.23ms
  2026-05-17 23:56:23 /acceuil ..................................... ~ 0.26ms
  2026-05-17 23:56:23 /acceuil ......................................... ~ 1s
  2026-05-17 23:56:24 /acceuil ..................................... ~ 0.08ms
  2026-05-17 23:56:24 /acceuil ................................... ~ 500.37ms
  2026-05-17 23:56:25 /acceuil ..................................... ~ 0.04ms
  2026-05-17 23:56:25 /acceuil ..................................... ~ 0.04ms
  2026-05-17 23:56:25 /acceuil ..................................... ~ 0.03ms
  2026-05-17 23:56:25 /acceuil ................................... ~ 500.31ms
  2026-05-17 23:56:25 /sw.js ....................................... ~ 0.07ms
  2026-05-17 23:56:25 /acceuil ..................................... ~ 0.08ms
  2026-05-17 23:56:25 /acceuil ................................... ~ 501.34ms
  2026-05-17 23:56:26 /sw.js ........................................... ~ 1s
  2026-05-17 23:56:41 /dashboard ....................................... ~ 6s
  2026-05-17 23:56:47 /api/mesure ................................ ~ 503.82ms
  2026-05-17 23:56:49 /sw.js ....................................... ~ 0.10ms
  2026-05-17 23:56:49 /acceuil ..................................... ~ 0.06ms
  2026-05-17 23:56:49 /sw.js ........................................... ~ 2s
  2026-05-17 23:56:54 /api/mesure .................................. ~ 0.11ms
  2026-05-17 23:56:56 /api/mesure .................................. ~ 0.21ms
  2026-05-17 23:56:59 /api/mesure .................................. ~ 0.10ms
  2026-05-17 23:57:02 /api/mesure .................................. ~ 0.22ms
  2026-05-17 23:57:05 /api/mesure .................................. ~ 0.23ms
  2026-05-17 23:57:08 /api/mesure .................................. ~ 0.26ms
  2026-05-17 23:57:11 /api/mesure .................................. ~ 0.22ms
  2026-05-17 23:57:14 /api/mesure .................................. ~ 0.22ms
  2026-05-17 23:57:17 /api/mesure .................................. ~ 0.23ms
  2026-05-17 23:57:20 /api/mesure .................................. ~ 0.21ms
  2026-05-17 23:57:23 /api/mesure .................................. ~ 0.31ms
  2026-05-17 23:57:26 /api/mesure .................................. ~ 0.27ms
  2026-05-17 23:57:29 /api/mesure .................................. ~ 0.38ms
  2026-05-17 23:57:32 /api/mesure .................................. ~ 0.26ms
  2026-05-17 23:57:35 /api/mesure .................................. ~ 0.23ms
  2026-05-17 23:57:38 /api/mesure .................................. ~ 0.27ms
  2026-05-17 23:57:41 /api/mesure .................................. ~ 0.23ms
  2026-05-17 23:57:44 /api/mesure .................................. ~ 0.27ms
  2026-05-17 23:57:47 /api/mesure .................................. ~ 0.22ms
  2026-05-17 23:57:50 /api/mesure .................................. ~ 0.21ms
  2026-05-17 23:57:53 /api/mesure .................................. ~ 0.23ms
  2026-05-17 23:57:56 /api/mesure .................................. ~ 0.21ms
  2026-05-17 23:57:59 /api/mesure .................................. ~ 0.23ms
  2026-05-17 23:58:02 /api/mesure .................................. ~ 0.21ms
  2026-05-17 23:58:05 /api/mesure .................................. ~ 0.23ms
  2026-05-17 23:58:08 /api/mesure .................................. ~ 0.22ms
  2026-05-17 23:58:11 /api/mesure .................................. ~ 0.28ms
  2026-05-17 23:58:14 /api/mesure .................................. ~ 0.22ms
  2026-05-17 23:58:17 /api/mesure .................................. ~ 0.23ms
  2026-05-17 23:58:20 /api/mesure .................................. ~ 0.27ms
  2026-05-17 23:58:23 /api/mesure .................................. ~ 0.22ms
  2026-05-17 23:58:26 /api/mesure .................................. ~ 0.21ms
  2026-05-17 23:58:29 /api/mesure .................................. ~ 0.23ms
  2026-05-17 23:58:32 /api/mesure .................................. ~ 0.22ms
  2026-05-17 23:58:35 /api/mesure .................................. ~ 0.23ms
  2026-05-17 23:58:38 /api/mesure .................................. ~ 0.25ms
  2026-05-17 23:58:41 /api/mesure .................................. ~ 0.33ms
  2026-05-17 23:58:44 /api/mesure .................................. ~ 0.09ms
  2026-05-17 23:58:47 /api/mesure .................................. ~ 0.12ms
  2026-05-17 23:58:50 /api/mesure .................................. ~ 0.09ms
  2026-05-17 23:58:53 /api/mesure .................................. ~ 0.23ms
  2026-05-17 23:58:56 /api/mesure .................................. ~ 0.09ms
  2026-05-17 23:58:59 /api/mesure .................................. ~ 0.09ms
  2026-05-17 23:59:01 /dashboard ................................... ~ 0.21ms
  2026-05-17 23:59:02 /api/mesure ...................................... ~ 1s
  2026-05-17 23:59:03 /favicon.ico ................................. ~ 0.14ms
  2026-05-17 23:59:05 /api/mesure .................................. ~ 0.25ms
  2026-05-17 23:59:07 /dashboard ................................. ~ 500.42ms
  2026-05-17 23:59:07 /api/mesure .................................. ~ 0.07ms
  2026-05-17 23:59:08 /dashboard ................................... ~ 0.06ms
  2026-05-17 23:59:08 /api/mesure .................................. ~ 0.36ms
  2026-05-17 23:59:09 /sw.js ....................................... ~ 0.25ms
  2026-05-17 23:59:11 /api/mesure .................................. ~ 0.22ms
  2026-05-17 23:59:14 /api/mesure .................................. ~ 0.22ms
  2026-05-17 23:59:17 /api/mesure .................................. ~ 0.22ms
  2026-05-17 23:59:20 /api/mesure .................................. ~ 0.22ms
  2026-05-17 23:59:23 /api/mesure .................................. ~ 0.12ms
  2026-05-17 23:59:26 /api/mesure .................................. ~ 0.22ms
  2026-05-17 23:59:29 /api/mesure .................................. ~ 0.22ms
  2026-05-17 23:59:32 /api/mesure .................................. ~ 0.09ms
  2026-05-17 23:59:35 /api/mesure .................................. ~ 0.09ms
  2026-05-17 23:59:38 /api/mesure .................................. ~ 0.22ms
  2026-05-17 23:59:41 /api/mesure .................................. ~ 0.21ms
  2026-05-17 23:59:44 /api/mesure .................................. ~ 0.22ms
  2026-05-17 23:59:47 /api/mesure .................................. ~ 0.26ms
  2026-05-17 23:59:50 /api/mesure .................................. ~ 0.22ms
  2026-05-17 23:59:53 /api/mesure .................................. ~ 0.21ms
  2026-05-17 23:59:56 /api/mesure .................................. ~ 0.31ms
  2026-05-17 23:59:59 /api/mesure .................................. ~ 0.21ms
  2026-05-18 00:00:02 /api/mesure .................................. ~ 0.22ms
  2026-05-18 00:00:05 /api/mesure .................................. ~ 0.22ms
  2026-05-18 00:00:08 /api/mesure .................................. ~ 0.28ms
  2026-05-18 00:00:11 /api/mesure .................................. ~ 0.21ms
  2026-05-18 00:00:14 /api/mesure .................................. ~ 0.22ms
  2026-05-18 00:00:17 /api/mesure .................................. ~ 0.28ms
  2026-05-18 00:00:20 /api/mesure .................................. ~ 0.22ms
  2026-05-18 00:00:23 /api/mesure .................................. ~ 0.22ms
  2026-05-18 00:00:26 /api/mesure .................................. ~ 0.21ms
  2026-05-18 00:00:29 /api/mesure .................................. ~ 0.22ms
  2026-05-18 00:00:32 /api/mesure .................................. ~ 0.21ms
  2026-05-18 00:00:35 /api/mesure .................................. ~ 0.09ms
  2026-05-18 00:00:38 /api/mesure .................................. ~ 0.26ms
  2026-05-18 00:00:41 /api/mesure .................................. ~ 0.27ms
  2026-05-18 00:00:44 /api/mesure .................................. ~ 0.22ms
  2026-05-18 00:00:47 /api/mesure .................................. ~ 0.22ms
  2026-05-18 00:00:50 /api/mesure .................................. ~ 0.20ms
  2026-05-18 00:00:53 /api/mesure .................................. ~ 0.22ms
  2026-05-18 00:00:56 /api/mesure .................................. ~ 0.26ms
  2026-05-18 00:00:59 /api/mesure .................................. ~ 0.22ms
  2026-05-18 00:01:02 /api/mesure .................................. ~ 0.21ms
  2026-05-18 00:01:46 /dashboard ................................... ~ 0.20ms
  2026-05-18 00:01:46 /sw.js ........................................... ~ 2s
  2026-05-18 00:02:18 /sw.js ....................................... ~ 0.24ms
  2026-05-18 00:02:43 /statistiques ................................ ~ 0.11ms
  2026-05-18 00:02:43 /historique ...................................... ~ 1s
  2026-05-18 00:02:45 /sw.js ..................................... ~ 500.68ms
  2026-05-18 00:02:45 /statistiques .............................. ~ 500.65ms
  2026-05-18 00:02:46 /sms ....................................... ~ 500.43ms
  2026-05-18 00:02:46 /sw.js ....................................... ~ 0.10ms
  2026-05-18 00:02:47 /sw.js ........................................... ~ 1s
  2026-05-18 00:02:49 /accueil ..................................... ~ 0.39ms
  2026-05-18 00:02:49 /sw.js ........................................... ~ 2s
  2026-05-18 00:02:57 /accueil ..................................... ~ 0.09ms
  2026-05-18 00:02:57 /accueil ......................................... ~ 1s
  2026-05-18 00:02:58 /dashboard ....................................... ~ 1s
  2026-05-18 00:02:59 /sw.js ..................................... ~ 500.40ms
  2026-05-18 00:03:00 /accueil ................................... ~ 500.67ms
  2026-05-18 00:03:01 /sw.js ....................................... ~ 0.13ms
  2026-05-18 00:03:02 /dashboard ................................. ~ 500.40ms
  2026-05-18 00:03:02 /sw.js ....................................... ~ 0.09ms
  2026-05-18 00:03:04 /sw.js ..................................... ~ 500.72ms
  2026-05-18 00:03:06 /login ....................................... ~ 0.25ms
  2026-05-18 00:03:06 /sw.js ........................................... ~ 1s
  2026-05-18 00:03:08 /dashboard ................................... ~ 0.11ms
  2026-05-18 00:03:08 /sw.js ........................................... ~ 2s
  2026-05-18 00:03:40 /sw.js ....................................... ~ 0.24ms
  2026-05-18 00:03:44 /dashboard ................................... ~ 0.16ms
  2026-05-18 00:03:44 /sw.js ........................................... ~ 2s
  2026-05-18 00:03:46 /dashboard ................................... ~ 0.10ms
  2026-05-18 00:03:46 /accueil ......................................... ~ 1s
  2026-05-18 00:03:47 /sw.js ..................................... ~ 500.63ms
  2026-05-18 00:03:49 /sw.js ....................................... ~ 0.09ms
  2026-05-18 00:04:23 /sw.js ....................................... ~ 0.11ms
  2026-05-18 00:04:26 /inscription ............................... ~ 500.81ms
  2026-05-18 00:04:27 /sw.js ........................................... ~ 2s
  2026-05-18 00:05:09 /sw.js ....................................... ~ 0.23ms
  2026-05-18 00:22:34 /sw.js ........................................... ~ 2s
  2026-05-18 00:22:34 /sw.js .......................................... ~ 31s
  2026-05-18 00:23:34 /accueil ..................................... ~ 0.24ms
  2026-05-18 00:23:35 /sw.js ........................................... ~ 2s
  2026-05-18 00:23:48 /register .................................... ~ 0.14ms
  2026-05-18 00:23:49 /sw.js ........................................... ~ 2s
  2026-05-18 00:24:01 /accueil ..................................... ~ 0.10ms
  2026-05-18 00:24:02 /sw.js ........................................... ~ 2s
  2026-05-18 00:24:06 /register .................................... ~ 0.15ms
  2026-05-18 00:24:07 /sw.js ........................................... ~ 2s
  2026-05-18 00:24:38 /sw.js ..................................... ~ 500.68ms

   INFO  Environment modified. Restarting server...  

   INFO  Server running on [http://127.0.0.1:8000].  

  Press Ctrl+C to stop the server

  2026-05-18 00:48:34 /register .................................. ~ 500.70ms
  2026-05-18 00:48:34 /sw.js ........................................... ~ 2s
  2026-05-18 00:48:49 /sw.js ........................................... ~ 1s
  2026-05-18 00:48:49 /login ........................................... ~ 4s
  2026-05-18 00:48:53 /sw.js ........................................... ~ 2s
  2026-05-18 00:48:56 /forgot-password ........................... ~ 500.78ms
  2026-05-18 00:48:56 /sw.js ........................................... ~ 1s
  2026-05-18 00:48:59 /login ....................................... ~ 0.09ms
  2026-05-18 00:48:59 /sw.js ........................................... ~ 2s
  2026-05-18 00:49:02 /accueil ..................................... ~ 0.23ms
  2026-05-18 00:49:02 /sw.js ........................................... ~ 1s
  2026-05-18 00:49:10 /register .................................. ~ 500.34ms
  2026-05-18 00:49:10 /sw.js ........................................... ~ 2s
  2026-05-18 00:49:41 /sw.js ....................................... ~ 0.23ms
  2026-05-18 00:53:53 /register-user .................................. ~ 12s
  2026-05-18 00:53:53 /sw.js .......................................... ~ 21s
  2026-05-18 00:54:36 /sw.js ....................................... ~ 0.43ms
  2026-05-18 01:12:18 /sw.js ........................................... ~ 2s
  2026-05-18 01:12:18 /sw.js .......................................... ~ 31s

   INFO  Environment modified. Restarting server...  

   INFO  Server running on [http://127.0.0.1:8000].  

  Press Ctrl+C to stop the server

  2026-05-18 01:15:19 /register ........................................ ~ 2s
  2026-05-18 01:15:19 /sw.js ........................................... ~ 3s
  2026-05-18 01:15:52 /sw.js ....................................... ~ 0.43ms
  2026-05-18 01:17:07 /register-user .................................. ~ 18s
  2026-05-18 01:17:07 /login .......................................... ~ 18s
  2026-05-18 01:17:28 /sw.js ....................................... ~ 0.34ms
  2026-05-18 01:17:57 /sw.js ....................................... ~ 0.47ms
  2026-05-18 01:19:15 /dashboard ................................... ~ 0.11ms
  2026-05-18 01:19:15 /sw.js ........................................... ~ 2s
  2026-05-18 01:19:24 /parametres .................................. ~ 0.11ms
  2026-05-18 01:19:24 /sw.js ........................................... ~ 2s
  2026-05-18 01:19:55 /sw.js ....................................... ~ 0.34ms
  2026-05-18 01:20:12 /serveurs-bd ................................. ~ 0.27ms
  2026-05-18 01:20:12 /sw.js ........................................... ~ 1s
  2026-05-18 01:20:19 /rapports .................................. ~ 500.48ms
  2026-05-18 01:20:19 /sw.js ........................................... ~ 2s
  2026-05-18 01:20:24 /dashboard ................................. ~ 500.61ms
  2026-05-18 01:20:25 /sw.js ........................................... ~ 1s
  2026-05-18 01:20:30 /profil .................................... ~ 500.70ms
  2026-05-18 01:20:30 /sw.js ........................................... ~ 1s
  2026-05-18 01:20:40 /historique .................................. ~ 0.27ms
  2026-05-18 01:20:40 /sw.js ........................................... ~ 1s
  2026-05-18 01:20:46 /accueil ................................... ~ 500.32ms
  2026-05-18 01:20:46 /sw.js ........................................... ~ 1s
  2026-05-18 01:20:52 /login ..................................... ~ 500.80ms
  2026-05-18 01:20:52 /sw.js ........................................... ~ 1s
  2026-05-18 01:21:23 /sw.js ....................................... ~ 0.24ms
  2026-05-18 01:23:13 /dashboard ................................. ~ 500.38ms
  2026-05-18 01:23:13 /sw.js ........................................... ~ 2s
  2026-05-18 01:23:44 /sw.js ....................................... ~ 0.23ms
  2026-05-18 01:23:52 /parametres ................................ ~ 500.69ms
  2026-05-18 01:23:52 /sw.js ........................................... ~ 1s
  2026-05-18 01:24:05 /dashboard ................................. ~ 500.34ms
  2026-05-18 01:24:05 /sw.js ........................................... ~ 1s
  2026-05-18 01:24:07 /statistiques .............................. ~ 500.95ms
  2026-05-18 01:24:07 /sw.js ........................................... ~ 1s
  2026-05-18 01:24:13 /parametres .................................. ~ 0.11ms
  2026-05-18 01:24:13 /sw.js ........................................... ~ 2s
  2026-05-18 01:24:44 /sw.js ....................................... ~ 0.30ms
  2026-05-18 01:30:53 /dashboard ................................. ~ 500.43ms
  2026-05-18 01:30:54 /sw.js ........................................... ~ 1s
  2026-05-18 01:31:05 /accueil ..................................... ~ 0.14ms
  2026-05-18 01:31:05 /sw.js ........................................... ~ 1s
  2026-05-18 01:31:19 /register .................................... ~ 0.17ms
  2026-05-18 01:31:19 /sw.js ........................................... ~ 2s
  2026-05-18 01:31:24 /login ....................................... ~ 0.17ms
  2026-05-18 01:31:24 ............................................ ~ 500.41ms
  2026-05-18 01:31:26 /sw.js ....................................... ~ 0.54ms
  2026-05-18 01:31:26 /accueil ................................... ~ 500.34ms
  2026-05-18 01:31:26 /sw.js ........................................... ~ 1s
  2026-05-18 01:31:29 /register .................................. ~ 500.35ms
  2026-05-18 01:31:29 /sw.js ........................................... ~ 1s
  2026-05-18 01:32:00 /sw.js ....................................... ~ 0.24ms
  2026-05-18 01:34:37 /register .................................... ~ 0.10ms
  2026-05-18 01:34:37 /register ........................................ ~ 1s
  2026-05-18 01:34:37 /register .................................. ~ 500.54ms
  2026-05-18 01:34:38 /sw.js ........................................... ~ 1s
  2026-05-18 01:34:40 /accueil ................................... ~ 500.35ms
  2026-05-18 01:34:40 /sw.js ........................................... ~ 1s
  2026-05-18 01:34:53 /register .................................... ~ 0.17ms
  2026-05-18 01:34:54 /sw.js ........................................... ~ 1s
  2026-05-18 01:35:25 /sw.js ....................................... ~ 0.23ms
  2026-05-18 01:35:41 /register-user ................................... ~ 9s
  2026-05-18 01:35:41 /login ........................................... ~ 9s
  2026-05-18 01:35:52 /sw.js ....................................... ~ 0.09ms
  2026-05-18 01:36:21 /sw.js ....................................... ~ 0.23ms
  2026-05-18 01:40:09 /login ....................................... ~ 0.27ms
  2026-05-18 01:40:09 /login ........................................... ~ 1s
  2026-05-18 01:40:10 /sw.js ........................................... ~ 1s
  2026-05-18 01:40:12 /accueil ..................................... ~ 0.13ms
  2026-05-18 01:40:13 /sw.js ........................................... ~ 2s
  2026-05-18 01:40:16 /register .................................. ~ 500.42ms
  2026-05-18 01:40:17 /sw.js ........................................... ~ 1s
  2026-05-18 01:40:48 /sw.js ....................................... ~ 0.23ms
  2026-05-18 01:42:15 /register-user .................................. ~ 14s
  2026-05-18 01:42:15 /login .......................................... ~ 14s
  2026-05-18 01:42:32 /sw.js ....................................... ~ 0.23ms
  2026-05-18 01:43:01 /sw.js ....................................... ~ 0.23ms
  2026-05-18 01:52:23 /login ....................................... ~ 0.11ms
  2026-05-18 01:52:23 /login ........................................... ~ 1s
  2026-05-18 01:52:24 /sw.js ........................................... ~ 1s
  2026-05-18 01:52:26 /accueil ..................................... ~ 1.22ms
  2026-05-18 01:52:26 /sw.js ........................................... ~ 2s
  2026-05-18 01:52:28 /register .................................. ~ 500.30ms
  2026-05-18 01:52:28 /sw.js ........................................... ~ 2s
  2026-05-18 01:53:02 /sw.js ....................................... ~ 0.23ms
  2026-05-18 01:56:45 /login ....................................... ~ 0.30ms
  2026-05-18 01:56:45 /sw.js ........................................... ~ 1s
  2026-05-18 01:56:51 /login-user ................................ ~ 500.58ms
  2026-05-18 01:56:51 /sw.js ........................................... ~ 3s
  2026-05-18 01:56:57 /login-user .................................. ~ 0.12ms
  2026-05-18 01:56:57 /sw.js ........................................... ~ 2s
  2026-05-18 01:57:28 /sw.js ....................................... ~ 0.23ms
  2026-05-18 01:58:01 /login-user ................................ ~ 500.31ms
  2026-05-18 01:58:01 /sw.js ........................................... ~ 3s
  2026-05-18 01:58:08 /login-user ................................ ~ 500.33ms
  2026-05-18 01:58:08 /sw.js ........................................... ~ 2s
  2026-05-18 01:58:12 /accueil ................................... ~ 500.34ms
  2026-05-18 01:58:13 /register ........................................ ~ 1s
  2026-05-18 01:58:14 /sw.js ....................................... ~ 0.16ms
  2026-05-18 01:58:16 /sw.js ....................................... ~ 0.18ms
  2026-05-18 01:58:45 /sw.js ....................................... ~ 0.28ms
  2026-05-18 02:04:23 /register .................................... ~ 0.16ms
  2026-05-18 02:04:23 /data/cameroun.json .......................... ~ 1.09ms
  2026-05-18 02:04:24 /sw.js ....................................... ~ 0.09ms
  2026-05-18 02:04:54 /sw.js ....................................... ~ 0.28ms
  2026-05-18 02:06:37 /register .................................. ~ 500.56ms
  2026-05-18 02:06:37 /register ........................................ ~ 1s
  2026-05-18 02:06:38 /register .................................... ~ 0.16ms
  2026-05-18 02:06:39 /sw.js ........................................... ~ 1s
  2026-05-18 02:07:10 /sw.js ....................................... ~ 0.23ms

   INFO  Environment modified. Restarting server...  

   INFO  Server running on [http://127.0.0.1:8000].  

  Press Ctrl+C to stop the server


   INFO  Environment modified. Restarting server...  

   INFO  Server running on [http://127.0.0.1:8000].  

  Press Ctrl+C to stop the server

  2026-05-18 02:15:11 /register .................................... ~ 0.18ms
  2026-05-18 02:15:11 /sw.js ........................................... ~ 2s
  2026-05-18 02:15:43 /sw.js ....................................... ~ 0.09ms
  2026-05-18 02:16:52 /dashboard ................................... ~ 0.16ms
  2026-05-18 02:16:52 /sw.js ........................................... ~ 2s
  2026-05-18 02:16:55 /accueil ..................................... ~ 0.17ms
  2026-05-18 02:16:56 /sw.js ........................................... ~ 1s
  2026-05-18 02:16:57 /register .................................... ~ 0.26ms
  2026-05-18 02:16:57 /sw.js ........................................... ~ 1s
  2026-05-18 02:17:29 /sw.js ....................................... ~ 0.23ms
  2026-05-18 02:56:46 /register .................................... ~ 0.11ms
  2026-05-18 02:56:46 /register ........................................ ~ 1s
  2026-05-18 02:56:47 /register .................................... ~ 0.06ms
  2026-05-18 02:56:47 /register .................................. ~ 500.73ms
  2026-05-18 02:56:47 /register .................................... ~ 0.06ms
  2026-05-18 02:56:48 /register .................................. ~ 500.36ms
  2026-05-18 02:56:48 /sw.js ....................................... ~ 0.04ms
  2026-05-18 02:56:48 /register .................................... ~ 0.03ms
  2026-05-18 02:56:48 /register .................................... ~ 0.07ms
  2026-05-18 02:56:48 /register .................................. ~ 501.02ms
  2026-05-18 02:56:48 /register .................................... ~ 0.10ms
  2026-05-18 02:56:48 /register .................................. ~ 500.47ms
  2026-05-18 02:56:49 /sw.js ........................................... ~ 1s
  2026-05-18 02:57:20 /sw.js ....................................... ~ 0.23ms
